target,collocate,exp_local,obs_local,ratio_local,obs_global,p_value,log_likelihood,log_dice,adjusted_p_value
内阁,机务,0.3972377021674473,15,37.76076620662019,239,0.0,80.70663546696969,9.840801405150746,0.0
内阁,学士,0.48532807126734145,12,24.72554280378692,292,0.0,54.457916745313,9.382838676890696,0.0
内阁,拟旨,0.0781178744848118,7,89.60817285627742,47,3.303469543376532e-09,50.18168907155408,9.381090167355506,5.321590916333541e-07
内阁,中书,0.2443261180695178,9,36.83601274849888,147,0.0,47.96041214567119,9.375509135092207,0.0
内阁,吏部,2.3003220912123306,17,7.3902694170278345,1384,4.6892186405960484e-11,38.82554996127283,8.372358832014172,9.06582270515236e-09
内阁,一送,0.004986247307541179,3,601.6548748921484,3,4.587578376149604e-09,38.40068878109724,8.356143810225277,5.321590916333541e-07
内阁,专用词,0.004986247307541179,3,601.6548748921484,3,4.587578376149604e-09,38.40068878109724,8.356143810225277,5.321590916333541e-07
内阁,参预,0.04487622576787061,5,111.41756942447192,27,0.0,38.202165436035685,8.982078092002737,0.0
内阁,房中,0.01828290679431766,4,218.78359086987214,11,0.0,36.80473040957147,8.733213459305098,0.0
内阁,舍人,0.36565813588635315,8,21.878359086987214,220,4.379103921675553e-09,34.384582170205036,8.985979529685064,5.321590916333541e-07
内阁,六部,0.1562357489696236,6,38.40350265269033,94,1.4331214045980373e-08,32.471795458885175,8.973937703413803,1.5112916630306575e-06
内阁,官入,0.03157956628109414,4,126.66418418782071,19,1.6126597369726874e-08,31.695094139382128,8.696219251822896,1.5589044124069313e-06
内阁,九卿,0.17618073819978833,6,34.05593631464991,106,2.8223289527707436e-08,31.024740545355037,8.930326472193189,2.518385834780048e-06
内阁,刘健,0.09307661640743535,5,53.71918525822753,56,3.9222594770212965e-08,30.474657467849205,8.858403721616181,3.24987213810336e-06
内阁,翰林,0.5085972253692003,8,15.729539212866625,306,6.265839206580665e-08,29.307250755333808,8.763985808099914,4.845582319755714e-06
内阁,杨廷和,0.111359523201753,5,44.8996175292648,67,1.0643149503139991e-07,28.640229679016272,8.814133454688665,7.716283389776494e-06
内阁,专典,0.016620824358470596,3,180.49646246764453,10,5.416939979658464e-07,26.20667121552292,8.322867655350976,3.696264927296364e-05
内阁,新君御,0.0033241648716941193,2,601.6548748921484,2,2.761724848646388e-06,25.59988465923917,7.775998325801895,0.0001601800412214905
内阁,不当,0.5385147092144473,7,12.998716432855058,324,1.5242452113738189e-06,23.12691822031544,8.528905463837123,9.822913584409054e-05
内阁,礼部,2.423316191465013,13,5.364549638956056,1458,1.6163271275651215e-06,22.631077863454298,7.923184402949169,9.868102463029162e-05
内阁,刘吉,0.028255401409400017,3,106.17438968684971,17,3.066201681197738e-06,22.603251073170888,8.29034175182953,0.0001693711404852084
内阁,仍供,0.004986247307541179,2,401.10324992809893,3,8.27599935007209e-06,21.784124668386802,7.77118130950412,0.0003898366550821953
内阁,李东阳,0.111359523201753,4,35.91969402341184,67,5.365404586800143e-06,21.107945919356762,8.492205359801304,0.00028290315094037114
内阁,尹直,0.03822789602448237,3,78.47672281201936,23,7.92429056511651e-06,20.65540108744633,8.263034405833793,0.0003898366550821953
内阁,壅蔽,0.041552060896176496,3,72.1985849870578,25,1.0261518058856146e-05,20.127568972954908,8.25404562260654,0.00045782157493358194
内阁,大学士,1.2931001350890126,9,6.96001783294259,778,8.401652049185243e-06,19.60333317122995,8.099804056965489,0.0003898366550821953
内阁,六科,0.13961492461115302,4,28.650232137721353,84,1.3221214522766234e-05,19.305315473453728,8.426352812506678,0.0005680225498669938
内阁,丝纶,0.008310412179235298,2,240.6619499568594,5,2.752049863148922e-05,18.879743050923118,7.7615952606749214,0.00106412594708425
内阁,票拟,0.05318663794710591,3,56.405144521138915,32,2.1945834576628957e-05,18.584821349296373,8.223018726985915,0.0009091845753174853
内阁,不由,0.056510802818800034,3,53.087194843424854,34,2.6407557385643784e-05,18.21010021322322,8.214275093913939,0.0010563022954257514
内阁,皇八妹,0.009972494615082358,2,200.55162496404947,6,4.124088645701499e-05,17.97501472634811,7.756826016527049,0.0014496796451556784
内阁,廷推,0.17119449089224714,4,23.36523785988926,103,2.953785904385602e-05,17.70097660489367,8.356143810225277,0.0011052876287378382
内阁,焦芳,0.06814537986972945,3,44.02352743113281,41,4.664092128644656e-05,17.062316699072568,8.184083064438973,0.0015912784909493532
内阁,尚书,5.235559672918238,17,3.2470263089417535,3150,3.3576971025181423e-05,16.59830741229105,7.33633725788307,0.0012171651996628265
内阁,故事,0.6797917162614474,6,8.8262328835034,409,7.437747495704704e-05,15.570105522530127,8.121438127449977,0.0024650820271478447
内阁,刘珝,0.01828290679431766,2,109.39179543493607,11,0.00015038384133436754,15.1987450016055,7.733213459305099,0.0047147366472396314
内阁,老成,0.09307661640743535,3,32.23151115493652,56,0.0001190506025586883,15.180093524270431,8.121438127449977,0.0038360749713355117
内阁,诏举,0.019944989230164717,2,100.27581248202473,12,0.00018026405643456714,14.81966591008255,7.728536972095625,0.005502797512213102
内阁,必由,0.021607071666011776,2,92.5622884449459,13,0.00021279829460700708,14.474061387730107,7.7238755947257625,0.0061994071409044145
内阁,梁储,0.023269154101858838,2,85.95069641316405,14,0.0002479958393987003,14.156528081960822,7.719229229869398,0.0061994071409044145
内阁,继春,0.023269154101858838,2,85.95069641316405,14,0.0002479958393987003,14.156528081960822,7.719229229869398,0.0061994071409044145
内阁,贾继春,0.024931236537705896,2,80.22064998561979,15,0.0002858332133138429,13.862876015304423,7.714597781137751,0.0061994071409044145
内阁,帝令,0.12299410025268243,3,24.39141384697899,74,0.0002722700176646023,13.527283691791599,8.049687124100352,0.0061994071409044145
内阁,刘宇,0.028255401409400017,2,70.7829264578998,17,0.0003694101314641277,13.334601170741402,7.705379251108373,0.0061994071409044145
内阁,止用,0.028255401409400017,2,70.7829264578998,17,0.0003694101314641277,13.334601170741402,7.705379251108373,0.0061994071409044145
内阁,六卿,0.028255401409400017,2,70.7829264578998,17,0.0003694101314641277,13.334601170741402,7.705379251108373,0.0061994071409044145
内阁,黄景,0.029917483845247075,2,66.85054165468316,18,0.000415117234141228,13.095129706118492,7.7007919816127215,0.0061994071409044145
内阁,右侍郎,1.22661683765513,7,5.706753555887587,738,0.000279551551555088,12.891308135328735,7.791939869670917,0.0061994071409044145
内阁,以本,0.03157956628109414,2,63.332092093910354,19,0.00046343940628686624,12.869571413400354,7.696219251822897,0.0061994071409044145
内阁,大权,0.03157956628109414,2,63.332092093910354,19,0.00046343940628686624,12.869571413400354,7.696219251822897,0.0061994071409044145
内阁,朝立,0.0016620824358470597,1,601.6548748921484,1,0.0016620824317424767,12.799655120730657,6.780831479537839,0.0061994071409044145
内阁,案西序立,0.0016620824358470597,1,601.6548748921484,1,0.0016620824317424767,12.799655120730657,6.780831479537839,0.0061994071409044145
内阁,令常朝官,0.0016620824358470597,1,601.6548748921484,1,0.0016620824317424767,12.799655120730657,6.780831479537839,0.0061994071409044145
内阁,官由东,0.0016620824358470597,1,601.6548748921484,1,0.0016620824317424767,12.799655120730657,6.780831479537839,0.0061994071409044145
内阁,官由西,0.0016620824358470597,1,601.6548748921484,1,0.0016620824317424767,12.799655120730657,6.780831479537839,0.0061994071409044145
内阁,外国人,0.0016620824358470597,1,601.6548748921484,1,0.0016620824317424767,12.799655120730657,6.780831479537839,0.0061994071409044145
内阁,一人奉,0.0016620824358470597,1,601.6548748921484,1,0.0016620824317424767,12.799655120730657,6.780831479537839,0.0061994071409044145
内阁,候领,0.0016620824358470597,1,601.6548748921484,1,0.0016620824317424767,12.799655120730657,6.780831479537839,0.0061994071409044145
内阁,官辞,0.0016620824358470597,1,601.6548748921484,1,0.0016620824317424767,12.799655120730657,6.780831479537839,0.0061994071409044145
内阁,一人知,0.0016620824358470597,1,601.6548748921484,1,0.0016620824317424767,12.799655120730657,6.780831479537839,0.0061994071409044145
内阁,或知,0.0016620824358470597,1,601.6548748921484,1,0.0016620824317424767,12.799655120730657,6.780831479537839,0.0061994071409044145
内阁,穿殿,0.0016620824358470597,1,601.6548748921484,1,0.0016620824317424767,12.799655120730657,6.780831479537839,0.0061994071409044145
内阁,俱加,0.0016620824358470597,1,601.6548748921484,1,0.0016620824317424767,12.799655120730657,6.780831479537839,0.0061994071409044145
内阁,官共,0.0016620824358470597,1,601.6548748921484,1,0.0016620824317424767,12.799655120730657,6.780831479537839,0.0061994071409044145
内阁,官三,0.0016620824358470597,1,601.6548748921484,1,0.0016620824317424767,12.799655120730657,6.780831479537839,0.0061994071409044145
内阁,官六,0.0016620824358470597,1,601.6548748921484,1,0.0016620824317424767,12.799655120730657,6.780831479537839,0.0061994071409044145
内阁,侯服,0.0016620824358470597,1,601.6548748921484,1,0.0016620824317424767,12.799655120730657,6.780831479537839,0.0061994071409044145
内阁,原子,0.0016620824358470597,1,601.6548748921484,1,0.0016620824317424767,12.799655120730657,6.780831479537839,0.0061994071409044145
内阁,或会,0.0016620824358470597,1,601.6548748921484,1,0.0016620824317424767,12.799655120730657,6.780831479537839,0.0061994071409044145
内阁,同吏,0.0016620824358470597,1,601.6548748921484,1,0.0016620824317424767,12.799655120730657,6.780831479537839,0.0061994071409044145
内阁,兵之长,0.0016620824358470597,1,601.6548748921484,1,0.0016620824317424767,12.799655120730657,6.780831479537839,0.0061994071409044145
内阁,之拟票,0.0016620824358470597,1,601.6548748921484,1,0.0016620824317424767,12.799655120730657,6.780831479537839,0.0061994071409044145
内阁,批红,0.0016620824358470597,1,601.6548748921484,1,0.0016620824317424767,12.799655120730657,6.780831479537839,0.0061994071409044145
内阁,官必以,0.0016620824358470597,1,601.6548748921484,1,0.0016620824317424767,12.799655120730657,6.780831479537839,0.0061994071409044145
内阁,王文始,0.0016620824358470597,1,601.6548748921484,1,0.0016620824317424767,12.799655120730657,6.780831479537839,0.0061994071409044145
内阁,王文升,0.0016620824358470597,1,601.6548748921484,1,0.0016620824317424767,12.799655120730657,6.780831479537839,0.0061994071409044145
内阁,其班位,0.0016620824358470597,1,601.6548748921484,1,0.0016620824317424767,12.799655120730657,6.780831479537839,0.0061994071409044145
内阁,序次,0.0016620824358470597,1,601.6548748921484,1,0.0016620824317424767,12.799655120730657,6.780831479537839,0.0061994071409044145
内阁,称枢辅,0.0016620824358470597,1,601.6548748921484,1,0.0016620824317424767,12.799655120730657,6.780831479537839,0.0061994071409044145
内阁,具椅,0.0016620824358470597,1,601.6548748921484,1,0.0016620824317424767,12.799655120730657,6.780831479537839,0.0061994071409044145
内阁,竟称,0.0016620824358470597,1,601.6548748921484,1,0.0016620824317424767,12.799655120730657,6.780831479537839,0.0061994071409044145
内阁,凡题,0.0016620824358470597,1,601.6548748921484,1,0.0016620824317424767,12.799655120730657,6.780831479537839,0.0061994071409044145
内阁,附科籍,0.0016620824358470597,1,601.6548748921484,1,0.0016620824317424767,12.799655120730657,6.780831479537839,0.0061994071409044145
内阁,掌书办,0.0016620824358470597,1,601.6548748921484,1,0.0016620824317424767,12.799655120730657,6.780831479537839,0.0061994071409044145
内阁,设中书,0.0016620824358470597,1,601.6548748921484,1,0.0016620824317424767,12.799655120730657,6.780831479537839,0.0061994071409044145
内阁,悉委于,0.0016620824358470597,1,601.6548748921484,1,0.0016620824317424767,12.799655120730657,6.780831479537839,0.0061994071409044145
内阁,马广阴事,0.0016620824358470597,1,601.6548748921484,1,0.0016620824317424767,12.799655120730657,6.780831479537839,0.0061994071409044145
内阁,以炳得,0.0016620824358470597,1,601.6548748921484,1,0.0016620824317424767,12.799655120730657,6.780831479537839,0.0061994071409044145
内阁,嵩意,0.0016620824358470597,1,601.6548748921484,1,0.0016620824317424767,12.799655120730657,6.780831479537839,0.0061994071409044145
内阁,残阙者,0.0016620824358470597,1,601.6548748921484,1,0.0016620824317424767,12.799655120730657,6.780831479537839,0.0061994071409044145
内阁,管主事,0.0016620824358470597,1,601.6548748921484,1,0.0016620824317424767,12.799655120730657,6.780831479537839,0.0061994071409044145
内阁,行略,0.0016620824358470597,1,601.6548748921484,1,0.0016620824317424767,12.799655120730657,6.780831479537839,0.0061994071409044145
内阁,汪宗伊,0.0016620824358470597,1,601.6548748921484,1,0.0016620824317424767,12.799655120730657,6.780831479537839,0.0061994071409044145
内阁,书载,0.0016620824358470597,1,601.6548748921484,1,0.0016620824317424767,12.799655120730657,6.780831479537839,0.0061994071409044145
内阁,使怀恩,0.0016620824358470597,1,601.6548748921484,1,0.0016620824317424767,12.799655120730657,6.780831479537839,0.0061994071409044145
内阁,其特用,0.0016620824358470597,1,601.6548748921484,1,0.0016620824317424767,12.799655120730657,6.780831479537839,0.0061994071409044145
内阁,实寓,0.0016620824358470597,1,601.6548748921484,1,0.0016620824317424767,12.799655120730657,6.780831479537839,0.0061994071409044145
内阁,易之义,0.0016620824358470597,1,601.6548748921484,1,0.0016620824317424767,12.799655120730657,6.780831479537839,0.0061994071409044145
内阁,宣宗处,0.0016620824358470597,1,601.6548748921484,1,0.0016620824317424767,12.799655120730657,6.780831479537839,0.0061994071409044145
内阁,帝之初,0.0016620824358470597,1,601.6548748921484,1,0.0016620824317424767,12.799655120730657,6.780831479537839,0.0061994071409044145
内阁,臣七人,0.0016620824358470597,1,601.6548748921484,1,0.0016620824317424767,12.799655120730657,6.780831479537839,0.0061994071409044145
内阁,等共典,0.0016620824358470597,1,601.6548748921484,1,0.0016620824317424767,12.799655120730657,6.780831479537839,0.0061994071409044145
内阁,溥亦同,0.0016620824358470597,1,601.6548748921484,1,0.0016620824317424767,12.799655120730657,6.780831479537839,0.0061994071409044145
内阁,为仁宗,0.0016620824358470597,1,601.6548748921484,1,0.0016620824317424767,12.799655120730657,6.780831479537839,0.0061994071409044145
内阁,惟铭,0.0016620824358470597,1,601.6548748921484,1,0.0016620824317424767,12.799655120730657,6.780831479537839,0.0061994071409044145
内阁,吉修隙,0.0016620824358470597,1,601.6548748921484,1,0.0016620824317424767,12.799655120730657,6.780831479537839,0.0061994071409044145
内阁,拟黜,0.0016620824358470597,1,601.6548748921484,1,0.0016620824317424767,12.799655120730657,6.780831479537839,0.0061994071409044145
内阁,吉之党,0.0016620824358470597,1,601.6548748921484,1,0.0016620824317424767,12.799655120730657,6.780831479537839,0.0061994071409044145
内阁,乃益固,0.0016620824358470597,1,601.6548748921484,1,0.0016620824317424767,12.799655120730657,6.780831479537839,0.0061994071409044145
内阁,刘绵花,0.0016620824358470597,1,601.6548748921484,1,0.0016620824317424767,12.799655120730657,6.780831479537839,0.0061994071409044145
内阁,语廷臣,0.0016620824358470597,1,601.6548748921484,1,0.0016620824317424767,12.799655120730657,6.780831479537839,0.0061994071409044145
内阁,议迎,0.0016620824358470597,1,601.6548748921484,1,0.0016620824317424767,12.799655120730657,6.780831479537839,0.0061994071409044145
内阁,驾及,0.0016620824358470597,1,601.6548748921484,1,0.0016620824317424767,12.799655120730657,6.780831479537839,0.0061994071409044145
内阁,南内事,0.0016620824358470597,1,601.6548748921484,1,0.0016620824317424767,12.799655120730657,6.780831479537839,0.0061994071409044145
内阁,俾属,0.0016620824358470597,1,601.6548748921484,1,0.0016620824317424767,12.799655120730657,6.780831479537839,0.0061994071409044145
内阁,言谦太专,0.0016620824358470597,1,601.6548748921484,1,0.0016620824317424767,12.799655120730657,6.780831479537839,0.0061994071409044145
内阁,命有贞,0.0016620824358470597,1,601.6548748921484,1,0.0016620824317424767,12.799655120730657,6.780831479537839,0.0061994071409044145
内阁,改荣,0.0016620824358470597,1,601.6548748921484,1,0.0016620824317424767,12.799655120730657,6.780831479537839,0.0061994071409044145
内阁,越遇,0.0016620824358470597,1,601.6548748921484,1,0.0016620824317424767,12.799655120730657,6.780831479537839,0.0061994071409044145
内阁,今用尔,0.0016620824358470597,1,601.6548748921484,1,0.0016620824317424767,12.799655120730657,6.780831479537839,0.0061994071409044145
内阁,勇事,0.0016620824358470597,1,601.6548748921484,1,0.0016620824317424767,12.799655120730657,6.780831479537839,0.0061994071409044145
内阁,褒功,0.0016620824358470597,1,601.6548748921484,1,0.0016620824317424767,12.799655120730657,6.780831479537839,0.0061994071409044145
内阁,拟封,0.0016620824358470597,1,601.6548748921484,1,0.0016620824317424767,12.799655120730657,6.780831479537839,0.0061994071409044145
内阁,以聪好,0.0016620824358470597,1,601.6548748921484,1,0.0016620824317424767,12.799655120730657,6.780831479537839,0.0061994071409044145
内阁,英造,0.0016620824358470597,1,601.6548748921484,1,0.0016620824317424767,12.799655120730657,6.780831479537839,0.0061994071409044145
内阁,黄孔昭堪,0.0016620824358470597,1,601.6548748921484,1,0.0016620824317424767,12.799655120730657,6.780831479537839,0.0061994071409044145
内阁,恒御,0.0016620824358470597,1,601.6548748921484,1,0.0016620824317424767,12.799655120730657,6.780831479537839,0.0061994071409044145
内阁,商决章,0.0016620824358470597,1,601.6548748921484,1,0.0016620824317424767,12.799655120730657,6.780831479537839,0.0061994071409044145
内阁,命尽,0.0016620824358470597,1,601.6548748921484,1,0.0016620824317424767,12.799655120730657,6.780831479537839,0.0061994071409044145
内阁,要者,0.0016620824358470597,1,601.6548748921484,1,0.0016620824317424767,12.799655120730657,6.780831479537839,0.0061994071409044145
内阁,附瑾入,0.0016620824358470597,1,601.6548748921484,1,0.0016620824317424767,12.799655120730657,6.780831479537839,0.0061994071409044145
内阁,迁尝举,0.0016620824358470597,1,601.6548748921484,1,0.0016620824317424767,12.799655120730657,6.780831479537839,0.0061994071409044145
内阁,俄瑾入,0.0016620824358470597,1,601.6548748921484,1,0.0016620824317424767,12.799655120730657,6.780831479537839,0.0061994071409044145
内阁,恕贤且,0.0016620824358470597,1,601.6548748921484,1,0.0016620824317424767,12.799655120730657,6.780831479537839,0.0061994071409044145
内阁,任剧职,0.0016620824358470597,1,601.6548748921484,1,0.0016620824317424767,12.799655120730657,6.780831479537839,0.0061994071409044145
内阁,官恕,0.0016620824358470597,1,601.6548748921484,1,0.0016620824317424767,12.799655120730657,6.780831479537839,0.0061994071409044145
内阁,七人诣,0.0016620824358470597,1,601.6548748921484,1,0.0016620824317424767,12.799655120730657,6.780831479537839,0.0061994071409044145
内阁,疑则询,0.0016620824358470597,1,601.6548748921484,1,0.0016620824317424767,12.799655120730657,6.780831479537839,0.0061994071409044145
内阁,官之贤否,0.0016620824358470597,1,601.6548748921484,1,0.0016620824317424767,12.799655120730657,6.780831479537839,0.0061994071409044145
内阁,升黜,0.0016620824358470597,1,601.6548748921484,1,0.0016620824317424767,12.799655120730657,6.780831479537839,0.0061994071409044145
内阁,堪用,0.0016620824358470597,1,601.6548748921484,1,0.0016620824317424767,12.799655120730657,6.780831479537839,0.0061994071409044145
内阁,及清,0.0016620824358470597,1,601.6548748921484,1,0.0016620824317424767,12.799655120730657,6.780831479537839,0.0061994071409044145
内阁,延访治道,0.0016620824358470597,1,601.6548748921484,1,0.0016620824317424767,12.799655120730657,6.780831479537839,0.0061994071409044145
内阁,方持,0.0016620824358470597,1,601.6548748921484,1,0.0016620824317424767,12.799655120730657,6.780831479537839,0.0061994071409044145
内阁,政无,0.0016620824358470597,1,601.6548748921484,1,0.0016620824317424767,12.799655120730657,6.780831479537839,0.0061994071409044145
内阁,权不假,0.0016620824358470597,1,601.6548748921484,1,0.0016620824317424767,12.799655120730657,6.780831479537839,0.0061994071409044145
内阁,职至重,0.0016620824358470597,1,601.6548748921484,1,0.0016620824317424767,12.799655120730657,6.780831479537839,0.0061994071409044145
内阁,之大患,0.0016620824358470597,1,601.6548748921484,1,0.0016620824317424767,12.799655120730657,6.780831479537839,0.0061994071409044145
内阁,朱寿统,0.0016620824358470597,1,601.6548748921484,1,0.0016620824317424767,12.799655120730657,6.780831479537839,0.0061994071409044145
内阁,中贵勋,0.0016620824358470597,1,601.6548748921484,1,0.0016620824317424767,12.799655120730657,6.780831479537839,0.0061994071409044145
内阁,戚偕礼,0.0016620824358470597,1,601.6548748921484,1,0.0016620824317424767,12.799655120730657,6.780831479537839,0.0061994071409044145
内阁,明命,0.0016620824358470597,1,601.6548748921484,1,0.0016620824317424767,12.799655120730657,6.780831479537839,0.0061994071409044145
内阁,大孚,0.0016620824358470597,1,601.6548748921484,1,0.0016620824317424767,12.799655120730657,6.780831479537839,0.0061994071409044145
内阁,澄抗,0.0016620824358470597,1,601.6548748921484,1,0.0016620824317424767,12.799655120730657,6.780831479537839,0.0061994071409044145
内阁,前此典,0.0016620824358470597,1,601.6548748921484,1,0.0016620824317424767,12.799655120730657,6.780831479537839,0.0061994071409044145
内阁,命辑倡,0.0016620824358470597,1,601.6548748921484,1,0.0016620824317424767,12.799655120730657,6.780831479537839,0.0061994071409044145
内阁,掌参,0.0016620824358470597,1,601.6548748921484,1,0.0016620824317424767,12.799655120730657,6.780831479537839,0.0061994071409044145
内阁,首臣,0.0016620824358470597,1,601.6548748921484,1,0.0016620824317424767,12.799655120730657,6.780831479537839,0.0061994071409044145
内阁,抑知臣,0.0016620824358470597,1,601.6548748921484,1,0.0016620824317424767,12.799655120730657,6.780831479537839,0.0061994071409044145
内阁,采物望,0.0016620824358470597,1,601.6548748921484,1,0.0016620824317424767,12.799655120730657,6.780831479537839,0.0061994071409044145
内阁,禀圣裁,0.0016620824358470597,1,601.6548748921484,1,0.0016620824317424767,12.799655120730657,6.780831479537839,0.0061994071409044145
内阁,宏三入,0.0016620824358470597,1,601.6548748921484,1,0.0016620824317424767,12.799655120730657,6.780831479537839,0.0061994071409044145
内阁,两朝殆,0.0016620824358470597,1,601.6548748921484,1,0.0016620824317424767,12.799655120730657,6.780831479537839,0.0061994071409044145
内阁,独裁,0.0016620824358470597,1,601.6548748921484,1,0.0016620824317424767,12.799655120730657,6.780831479537839,0.0061994071409044145
内阁,毋令久,0.0016620824358470597,1,601.6548748921484,1,0.0016620824317424767,12.799655120730657,6.780831479537839,0.0061994071409044145
内阁,广树众,0.0016620824358470597,1,601.6548748921484,1,0.0016620824317424767,12.799655120730657,6.780831479537839,0.0061994071409044145
内阁,徒答,0.0016620824358470597,1,601.6548748921484,1,0.0016620824317424767,12.799655120730657,6.780831479537839,0.0061994071409044145
内阁,后萼,0.0016620824358470597,1,601.6548748921484,1,0.0016620824317424767,12.799655120730657,6.780831479537839,0.0061994071409044145
内阁,积不相下,0.0016620824358470597,1,601.6548748921484,1,0.0016620824317424767,12.799655120730657,6.780831479537839,0.0061994071409044145
内阁,所予,0.0016620824358470597,1,601.6548748921484,1,0.0016620824317424767,12.799655120730657,6.780831479537839,0.0061994071409044145
内阁,庶不阴,0.0016620824358470597,1,601.6548748921484,1,0.0016620824317424767,12.799655120730657,6.780831479537839,0.0061994071409044145
内阁,择师教,0.0016620824358470597,1,601.6548748921484,1,0.0016620824317424767,12.799655120730657,6.780831479537839,0.0061994071409044145
内阁,迁未,0.0016620824358470597,1,601.6548748921484,1,0.0016620824317424767,12.799655120730657,6.780831479537839,0.0061994071409044145
内阁,更建,0.0016620824358470597,1,601.6548748921484,1,0.0016620824317424767,12.799655120730657,6.780831479537839,0.0061994071409044145
内阁,柱萼,0.0016620824358470597,1,601.6548748921484,1,0.0016620824317424767,12.799655120730657,6.780831479537839,0.0061994071409044145
内阁,举贺入,0.0016620824358470597,1,601.6548748921484,1,0.0016620824317424767,12.799655120730657,6.780831479537839,0.0061994071409044145
内阁,岳诣,0.0016620824358470597,1,601.6548748921484,1,0.0016620824317424767,12.799655120730657,6.780831479537839,0.0061994071409044145
内阁,纪推,0.0016620824358470597,1,601.6548748921484,1,0.0016620824317424767,12.799655120730657,6.780831479537839,0.0061994071409044145
内阁,况迩,0.0016620824358470597,1,601.6548748921484,1,0.0016620824317424767,12.799655120730657,6.780831479537839,0.0061994071409044145
内阁,曹嘉论,0.0016620824358470597,1,601.6548748921484,1,0.0016620824317424767,12.799655120730657,6.780831479537839,0.0061994071409044145
内阁,一鹏驳,0.0016620824358470597,1,601.6548748921484,1,0.0016620824317424767,12.799655120730657,6.780831479537839,0.0061994071409044145
内阁,简解缙,0.0016620824358470597,1,601.6548748921484,1,0.0016620824317424767,12.799655120730657,6.780831479537839,0.0061994071409044145
内阁,刻始,0.0016620824358470597,1,601.6548748921484,1,0.0016620824317424767,12.799655120730657,6.780831479537839,0.0061994071409044145
内阁,因言汉忠谋,0.0016620824358470597,1,601.6548748921484,1,0.0016620824317424767,12.799655120730657,6.780831479537839,0.0061994071409044145
内阁,宜令备,0.0016620824358470597,1,601.6548748921484,1,0.0016620824317424767,12.799655120730657,6.780831479537839,0.0061994071409044145
内阁,列堪,0.0016620824358470597,1,601.6548748921484,1,0.0016620824317424767,12.799655120730657,6.780831479537839,0.0061994071409044145
内阁,非止虑,0.0016620824358470597,1,601.6548748921484,1,0.0016620824317424767,12.799655120730657,6.780831479537839,0.0061994071409044145
内阁,之敷施,0.0016620824358470597,1,601.6548748921484,1,0.0016620824317424767,12.799655120730657,6.780831479537839,0.0061994071409044145
内阁,详度,0.0016620824358470597,1,601.6548748921484,1,0.0016620824317424767,12.799655120730657,6.780831479537839,0.0061994071409044145
内阁,其弗协于,0.0016620824358470597,1,601.6548748921484,1,0.0016620824317424767,12.799655120730657,6.780831479537839,0.0061994071409044145
内阁,辈所选,0.0016620824358470597,1,601.6548748921484,1,0.0016620824317424767,12.799655120730657,6.780831479537839,0.0061994071409044145
内阁,官吕应祥,0.0016620824358470597,1,601.6548748921484,1,0.0016620824317424767,12.799655120730657,6.780831479537839,0.0061994071409044145
内阁,嵩入,0.0016620824358470597,1,601.6548748921484,1,0.0016620824317424767,12.799655120730657,6.780831479537839,0.0061994071409044145
内阁,惩中官,0.0016620824358470597,1,601.6548748921484,1,0.0016620824317424767,12.799655120730657,6.780831479537839,0.0061994071409044145
内阁,司礼权,0.0016620824358470597,1,601.6548748921484,1,0.0016620824317424767,12.799655120730657,6.780831479537839,0.0061994071409044145
内阁,森持,0.0016620824358470597,1,601.6548748921484,1,0.0016620824317424767,12.799655120730657,6.780831479537839,0.0061994071409044145
内阁,无司,0.0016620824358470597,1,601.6548748921484,1,0.0016620824317424767,12.799655120730657,6.780831479537839,0.0061994071409044145
内阁,礼径,0.0016620824358470597,1,601.6548748921484,1,0.0016620824317424767,12.799655120730657,6.780831479537839,0.0061994071409044145
内阁,三言,0.0016620824358470597,1,601.6548748921484,1,0.0016620824317424767,12.799655120730657,6.780831479537839,0.0061994071409044145
内阁,宜参用,0.0016620824358470597,1,601.6548748921484,1,0.0016620824317424767,12.799655120730657,6.780831479537839,0.0061994071409044145
内阁,嵩密阻,0.0016620824358470597,1,601.6548748921484,1,0.0016620824317424767,12.799655120730657,6.780831479537839,0.0061994071409044145
内阁,及琦,0.0016620824358470597,1,601.6548748921484,1,0.0016620824317424767,12.799655120730657,6.780831479537839,0.0061994071409044145
内阁,龙赠,0.0016620824358470597,1,601.6548748921484,1,0.0016620824317424767,12.799655120730657,6.780831479537839,0.0061994071409044145
内阁,词送,0.0016620824358470597,1,601.6548748921484,1,0.0016620824317424767,12.799655120730657,6.780831479537839,0.0061994071409044145
内阁,权积重,0.0016620824358470597,1,601.6548748921484,1,0.0016620824317424767,12.799655120730657,6.780831479537839,0.0061994071409044145
内阁,徇阁,0.0016620824358470597,1,601.6548748921484,1,0.0016620824317424767,12.799655120730657,6.780831479537839,0.0061994071409044145
内阁,中亦有,0.0016620824358470597,1,601.6548748921484,1,0.0016620824317424767,12.799655120730657,6.780831479537839,0.0061994071409044145
内阁,已大非,0.0016620824358470597,1,601.6548748921484,1,0.0016620824317424767,12.799655120730657,6.780831479537839,0.0061994071409044145
内阁,为赓,0.0016620824358470597,1,601.6548748921484,1,0.0016620824317424767,12.799655120730657,6.780831479537839,0.0061994071409044145
内阁,设丝纶,0.0016620824358470597,1,601.6548748921484,1,0.0016620824317424767,12.799655120730657,6.780831479537839,0.0061994071409044145
内阁,孟男姑,0.0016620824358470597,1,601.6548748921484,1,0.0016620824317424767,12.799655120730657,6.780831479537839,0.0061994071409044145
内阁,时部权,0.0016620824358470597,1,601.6548748921484,1,0.0016620824317424767,12.799655120730657,6.780831479537839,0.0061994071409044145
内阁,遭挫,0.0016620824358470597,1,601.6548748921484,1,0.0016620824317424767,12.799655120730657,6.780831479537839,0.0061994071409044145
内阁,杨巍为,0.0016620824358470597,1,601.6548748921484,1,0.0016620824317424767,12.799655120730657,6.780831479537839,0.0061994071409044145
内阁,得居位,0.0016620824358470597,1,601.6548748921484,1,0.0016620824317424767,12.799655120730657,6.780831479537839,0.0061994071409044145
内阁,按考,0.0016620824358470597,1,601.6548748921484,1,0.0016620824317424767,12.799655120730657,6.780831479537839,0.0061994071409044145
内阁,每具,0.0016620824358470597,1,601.6548748921484,1,0.0016620824317424767,12.799655120730657,6.780831479537839,0.0061994071409044145
内阁,遇有章,0.0016620824358470597,1,601.6548748921484,1,0.0016620824317424767,12.799655120730657,6.780831479537839,0.0061994071409044145
内阁,职之六卿,0.0016620824358470597,1,601.6548748921484,1,0.0016620824317424767,12.799655120730657,6.780831479537839,0.0061994071409044145
内阁,潘晟入,0.0016620824358470597,1,601.6548748921484,1,0.0016620824317424767,12.799655120730657,6.780831479537839,0.0061994071409044145
内阁,极明,0.0016620824358470597,1,601.6548748921484,1,0.0016620824317424767,12.799655120730657,6.780831479537839,0.0061994071409044145
内阁,谨疾遣,0.0016620824358470597,1,601.6548748921484,1,0.0016620824317424767,12.799655120730657,6.780831479537839,0.0061994071409044145
内阁,官之故,0.0016620824358470597,1,601.6548748921484,1,0.0016620824317424767,12.799655120730657,6.780831479537839,0.0061994071409044145
内阁,抑丘,0.0016620824358470597,1,601.6548748921484,1,0.0016620824317424767,12.799655120730657,6.780831479537839,0.0061994071409044145
内阁,周应宾,0.0016620824358470597,1,601.6548748921484,1,0.0016620824317424767,12.799655120730657,6.780831479537839,0.0061994071409044145
内阁,欲究,0.0016620824358470597,1,601.6548748921484,1,0.0016620824317424767,12.799655120730657,6.780831479537839,0.0061994071409044145
内阁,科用,0.0016620824358470597,1,601.6548748921484,1,0.0016620824317424767,12.799655120730657,6.780831479537839,0.0061994071409044145
内阁,何宗彦及,0.0016620824358470597,1,601.6548748921484,1,0.0016620824317424767,12.799655120730657,6.780831479537839,0.0061994071409044145
内阁,宜重,0.0016620824358470597,1,601.6548748921484,1,0.0016620824317424767,12.799655120730657,6.780831479537839,0.0061994071409044145
内阁,广微入,0.0016620824358470597,1,601.6548748921484,1,0.0016620824317424767,12.799655120730657,6.780831479537839,0.0061994071409044145
内阁,尝三至,0.0016620824358470597,1,601.6548748921484,1,0.0016620824317424767,12.799655120730657,6.780831479537839,0.0061994071409044145
内阁,拒勿见,0.0016620824358470597,1,601.6548748921484,1,0.0016620824317424767,12.799655120730657,6.780831479537839,0.0061994071409044145
内阁,首劝,0.0016620824358470597,1,601.6548748921484,1,0.0016620824317424767,12.799655120730657,6.780831479537839,0.0061994071409044145
内阁,伶仃,0.0016620824358470597,1,601.6548748921484,1,0.0016620824317424767,12.799655120730657,6.780831479537839,0.0061994071409044145
内阁,发臣,0.0016620824358470597,1,601.6548748921484,1,0.0016620824317424767,12.799655120730657,6.780831479537839,0.0061994071409044145
内阁,即司,0.0016620824358470597,1,601.6548748921484,1,0.0016620824317424767,12.799655120730657,6.780831479537839,0.0061994071409044145
内阁,嗣昌解,0.0016620824358470597,1,601.6548748921484,1,0.0016620824317424767,12.799655120730657,6.780831479537839,0.0061994071409044145
内阁,悍戾,0.0016620824358470597,1,601.6548748921484,1,0.0016620824317424767,12.799655120730657,6.780831479537839,0.0061994071409044145
内阁,发辈,0.0016620824358470597,1,601.6548748921484,1,0.0016620824317424767,12.799655120730657,6.780831479537839,0.0061994071409044145
内阁,宫衔,0.0016620824358470597,1,601.6548748921484,1,0.0016620824317424767,12.799655120730657,6.780831479537839,0.0061994071409044145
内阁,出司,0.0016620824358470597,1,601.6548748921484,1,0.0016620824317424767,12.799655120730657,6.780831479537839,0.0061994071409044145
内阁,馆局,0.0016620824358470597,1,601.6548748921484,1,0.0016620824317424767,12.799655120730657,6.780831479537839,0.0061994071409044145
内阁,光疏,0.0016620824358470597,1,601.6548748921484,1,0.0016620824317424767,12.799655120730657,6.780831479537839,0.0061994071409044145
内阁,中城守,0.0016620824358470597,1,601.6548748921484,1,0.0016620824317424767,12.799655120730657,6.780831479537839,0.0061994071409044145
内阁,武自,0.0016620824358470597,1,601.6548748921484,1,0.0016620824317424767,12.799655120730657,6.780831479537839,0.0061994071409044145
内阁,黄国琦,0.0016620824358470597,1,601.6548748921484,1,0.0016620824317424767,12.799655120730657,6.780831479537839,0.0061994071409044145
内阁,施凤仪,0.0016620824358470597,1,601.6548748921484,1,0.0016620824317424767,12.799655120730657,6.780831479537839,0.0061994071409044145
内阁,张正声,0.0016620824358470597,1,601.6548748921484,1,0.0016620824317424767,12.799655120730657,6.780831479537839,0.0061994071409044145
内阁,明无,0.0016620824358470597,1,601.6548748921484,1,0.0016620824317424767,12.799655120730657,6.780831479537839,0.0061994071409044145
内阁,王久,0.0016620824358470597,1,601.6548748921484,1,0.0016620824317424767,12.799655120730657,6.780831479537839,0.0061994071409044145
内阁,以安之为,0.0016620824358470597,1,601.6548748921484,1,0.0016620824317424767,12.799655120730657,6.780831479537839,0.0061994071409044145
内阁,中书方于,0.0016620824358470597,1,601.6548748921484,1,0.0016620824317424767,12.799655120730657,6.780831479537839,0.0061994071409044145
内阁,宣劝,0.0016620824358470597,1,601.6548748921484,1,0.0016620824317424767,12.799655120730657,6.780831479537839,0.0061994071409044145
内阁,改印,0.0016620824358470597,1,601.6548748921484,1,0.0016620824317424767,12.799655120730657,6.780831479537839,0.0061994071409044145
内阁,谄定,0.0016620824358470597,1,601.6548748921484,1,0.0016620824317424767,12.799655120730657,6.780831479537839,0.0061994071409044145
内阁,国客,0.0016620824358470597,1,601.6548748921484,1,0.0016620824317424767,12.799655120730657,6.780831479537839,0.0061994071409044145
内阁,说定,0.0016620824358470597,1,601.6548748921484,1,0.0016620824317424767,12.799655120730657,6.780831479537839,0.0061994071409044145
内阁,国荐己,0.0016620824358470597,1,601.6548748921484,1,0.0016620824317424767,12.799655120730657,6.780831479537839,0.0061994071409044145
内阁,定国客,0.0016620824358470597,1,601.6548748921484,1,0.0016620824317424767,12.799655120730657,6.780831479537839,0.0061994071409044145
内阁,普宜留,0.0016620824358470597,1,601.6548748921484,1,0.0016620824317424767,12.799655120730657,6.780831479537839,0.0061994071409044145
内阁,宜典铨,0.0016620824358470597,1,601.6548748921484,1,0.0016620824317424767,12.799655120730657,6.780831479537839,0.0061994071409044145
内阁,宜秉宪,0.0016620824358470597,1,601.6548748921484,1,0.0016620824317424767,12.799655120730657,6.780831479537839,0.0061994071409044145
内阁,每铨,0.0016620824358470597,1,601.6548748921484,1,0.0016620824317424767,12.799655120730657,6.780831479537839,0.0061994071409044145
内阁,用为制,0.0016620824358470597,1,601.6548748921484,1,0.0016620824317424767,12.799655120730657,6.780831479537839,0.0061994071409044145
内阁,有牍乎,0.0016620824358470597,1,601.6548748921484,1,0.0016620824317424767,12.799655120730657,6.780831479537839,0.0061994071409044145
内阁,走白,0.0016620824358470597,1,601.6548748921484,1,0.0016620824317424767,12.799655120730657,6.780831479537839,0.0061994071409044145
内阁,遇安,0.0016620824358470597,1,601.6548748921484,1,0.0016620824317424767,12.799655120730657,6.780831479537839,0.0061994071409044145
内阁,方委政,0.0016620824358470597,1,601.6548748921484,1,0.0016620824317424767,12.799655120730657,6.780831479537839,0.0061994071409044145
内阁,晏朝后,0.0016620824358470597,1,601.6548748921484,1,0.0016620824317424767,12.799655120730657,6.780831479537839,0.0061994071409044145
内阁,永奏示,0.0016620824358470597,1,601.6548748921484,1,0.0016620824317424767,12.799655120730657,6.780831479537839,0.0061994071409044145
内阁,降瑾,0.0016620824358470597,1,601.6548748921484,1,0.0016620824317424767,12.799655120730657,6.780831479537839,0.0061994071409044145
内阁,风廷臣,0.0016620824358470597,1,601.6548748921484,1,0.0016620824317424767,12.799655120730657,6.780831479537839,0.0061994071409044145
内阁,双白燕,0.0016620824358470597,1,601.6548748921484,1,0.0016620824317424767,12.799655120730657,6.780831479537839,0.0061994071409044145
内阁,为晟下,0.0016620824358470597,1,601.6548748921484,1,0.0016620824317424767,12.799655120730657,6.780831479537839,0.0061994071409044145
内阁,肆无忌,0.0016620824358470597,1,601.6548748921484,1,0.0016620824317424767,12.799655120730657,6.780831479537839,0.0061994071409044145
内阁,仝治,0.0016620824358470597,1,601.6548748921484,1,0.0016620824317424767,12.799655120730657,6.780831479537839,0.0061994071409044145
内阁,遍置,0.0016620824358470597,1,601.6548748921484,1,0.0016620824317424767,12.799655120730657,6.780831479537839,0.0061994071409044145
内阁,礼之权,0.0016620824358470597,1,601.6548748921484,1,0.0016620824317424767,12.799655120730657,6.780831479537839,0.0061994071409044145
内阁,变置,0.0016620824358470597,1,601.6548748921484,1,0.0016620824317424767,12.799655120730657,6.780831479537839,0.0061994071409044145
内阁,大贵彩,0.0016620824358470597,1,601.6548748921484,1,0.0016620824317424767,12.799655120730657,6.780831479537839,0.0061994071409044145
内阁,刘宇入,0.0016620824358470597,1,601.6548748921484,1,0.0016620824317424767,12.799655120730657,6.780831479537839,0.0061994071409044145
内阁,以彩代,0.0016620824358470597,1,601.6548748921484,1,0.0016620824317424767,12.799655120730657,6.780831479537839,0.0061994071409044145
内阁,通忠贤,0.0016620824358470597,1,601.6548748921484,1,0.0016620824317424767,12.799655120730657,6.780831479537839,0.0061994071409044145
内阁,签其函,0.0016620824358470597,1,601.6548748921484,1,0.0016620824317424767,12.799655120730657,6.780831479537839,0.0061994071409044145
内阁,家报,0.0016620824358470597,1,601.6548748921484,1,0.0016620824317424767,12.799655120730657,6.780831479537839,0.0061994071409044145
内阁,外魏公,0.0016620824358470597,1,601.6548748921484,1,0.0016620824317424767,12.799655120730657,6.780831479537839,0.0061994071409044145
内阁,惟出,0.0016620824358470597,1,601.6548748921484,1,0.0016620824317424767,12.799655120730657,6.780831479537839,0.0061994071409044145
内阁,干济者,0.0016620824358470597,1,601.6548748921484,1,0.0016620824317424767,12.799655120730657,6.780831479537839,0.0061994071409044145
内阁,伟非,0.0016620824358470597,1,601.6548748921484,1,0.0016620824317424767,12.799655120730657,6.780831479537839,0.0061994071409044145
内阁,首导以,0.0016620824358470597,1,601.6548748921484,1,0.0016620824317424767,12.799655120730657,6.780831479537839,0.0061994071409044145
内阁,阴布,0.0016620824358470597,1,601.6548748921484,1,0.0016620824317424767,12.799655120730657,6.780831479537839,0.0061994071409044145
内阁,令泰诣,0.0016620824358470597,1,601.6548748921484,1,0.0016620824317424767,12.799655120730657,6.780831479537839,0.0061994071409044145
内阁,探意,0.0016620824358470597,1,601.6548748921484,1,0.0016620824317424767,12.799655120730657,6.780831479537839,0.0061994071409044145
内阁,翰林学士,0.14127700704700008,3,21.234877937369944,85,0.0004092319412672554,12.716183918085019,8.007533672685408,0.0061994071409044145
内阁,杨一清,0.14293908948284714,3,20.987960752051688,86,0.0004235027749232473,12.648071102355605,8.003761918796199,0.0061994071409044145
内阁,宫僚,0.039889978460329434,2,50.13790624101237,24,0.0007438986491797226,11.904908261830613,7.6735705128776965,0.0061994071409044145
内阁,因荐,0.039889978460329434,2,50.13790624101237,24,0.0007438986491797226,11.904908261830613,7.6735705128776965,0.0061994071409044145
内阁,上书,0.3689823007580473,4,10.840628376435106,222,0.0005626034747386157,11.867987314836025,7.980409271642119,0.0061994071409044145
内阁,羽翼,0.04321414333202355,2,46.28114422247295,26,0.0008740411152709205,11.577838159871167,7.664609645306075,0.0061994071409044145
内阁,士奇,0.17451865576394127,3,17.190139282632813,105,0.0007577343254969039,11.494205520310564,7.933910809542228,0.0061994071409044145
内阁,朱赓,0.04487622576787061,2,44.56702776978877,27,0.0009429168583377617,11.424199816736252,7.660149997115375,0.0061994071409044145
内阁,批答,0.04487622576787061,2,44.56702776978877,27,0.0009429168583377617,11.424199816736252,7.660149997115375,0.0061994071409044145
内阁,夏言,0.19446364499410598,3,15.427048074157652,117,0.001036008075918796,10.875861442744002,7.891475543221831,0.0061994071409044145
内阁,商辂,0.051524555511258854,2,38.816443541428924,31,0.0012436673592778871,10.86485104392809,7.642447995381916,0.0061994071409044145
内阁,部院,0.051524555511258854,2,38.816443541428924,31,0.0012436673592778871,10.86485104392809,7.642447995381916,0.0061994071409044145
内阁,府库,0.051524555511258854,2,38.816443541428924,31,0.0012436673592778871,10.86485104392809,7.642447995381916,0.0061994071409044145
内阁,然是,0.05318663794710591,2,37.60342968075928,32,0.0013251167400771665,10.736969768680439,7.638056226264759,0.0061994071409044145
内阁,政事,0.20111197473749423,3,14.91706301385492,121,0.0011412720563957768,10.684872278413089,7.8776033686402736,0.0061994071409044145
内阁,祖宗,0.43712768062777674,4,9.150644485051686,263,0.0010546656866596076,10.637075430599243,7.870716983055034,0.0061994071409044145
内阁,官及,0.056510802818800034,2,35.3914632289499,34,0.0014954640741641932,10.4934568891289,7.6293125931927825,0.0061994071409044145
内阁,去留,0.06315913256218827,2,31.666046046955177,38,0.0018657418469230956,10.048990503155496,7.611982714654865,0.0068706683886691775
内阁,召入,0.06315913256218827,2,31.666046046955177,38,0.0018657418469230956,10.048990503155496,7.611982714654865,0.0068706683886691775
内阁,中枢,0.06315913256218827,2,31.666046046955177,38,0.0018657418469230956,10.048990503155496,7.611982714654865,0.0068706683886691775
内阁,钦差,0.0033241648716941193,1,300.8274374460742,2,0.0033214031663768677,10.030392373809642,6.775998325801895,0.009972766537204174
内阁,以春,0.0033241648716941193,1,300.8274374460742,2,0.0033214031663768677,10.030392373809642,6.775998325801895,0.009972766537204174
内阁,领敕,0.0033241648716941193,1,300.8274374460742,2,0.0033214031663768677,10.030392373809642,6.775998325801895,0.009972766537204174
内阁,敕立,0.0033241648716941193,1,300.8274374460742,2,0.0033214031663768677,10.030392373809642,6.775998325801895,0.009972766537204174
内阁,等七人,0.0033241648716941193,1,300.8274374460742,2,0.0033214031663768677,10.030392373809642,6.775998325801895,0.009972766537204174
内阁,右厢,0.0033241648716941193,1,300.8274374460742,2,0.0033214031663768677,10.030392373809642,6.775998325801895,0.009972766537204174
内阁,庶事,0.0033241648716941193,1,300.8274374460742,2,0.0033214031663768677,10.030392373809642,6.775998325801895,0.009972766537204174
内阁,选送,0.0033241648716941193,1,300.8274374460742,2,0.0033214031663768677,10.030392373809642,6.775998325801895,0.009972766537204174
内阁,自选,0.0033241648716941193,1,300.8274374460742,2,0.0033214031663768677,10.030392373809642,6.775998325801895,0.009972766537204174
内阁,译字,0.0033241648716941193,1,300.8274374460742,2,0.0033214031663768677,10.030392373809642,6.775998325801895,0.009972766537204174
内阁,权日重,0.0033241648716941193,1,300.8274374460742,2,0.0033214031663768677,10.030392373809642,6.775998325801895,0.009972766537204174
内阁,常侍,0.0033241648716941193,1,300.8274374460742,2,0.0033214031663768677,10.030392373809642,6.775998325801895,0.009972766537204174
内阁,诏册,0.0033241648716941193,1,300.8274374460742,2,0.0033214031663768677,10.030392373809642,6.775998325801895,0.009972766537204174
内阁,且辑,0.0033241648716941193,1,300.8274374460742,2,0.0033214031663768677,10.030392373809642,6.775998325801895,0.009972766537204174
内阁,中书程,0.0033241648716941193,1,300.8274374460742,2,0.0033214031663768677,10.030392373809642,6.775998325801895,0.009972766537204174
内阁,及司,0.0033241648716941193,1,300.8274374460742,2,0.0033214031663768677,10.030392373809642,6.775998325801895,0.009972766537204174
内阁,因日,0.0033241648716941193,1,300.8274374460742,2,0.0033214031663768677,10.030392373809642,6.775998325801895,0.009972766537204174
内阁,独见,0.0033241648716941193,1,300.8274374460742,2,0.0033214031663768677,10.030392373809642,6.775998325801895,0.009972766537204174
内阁,陈盟,0.0033241648716941193,1,300.8274374460742,2,0.0033214031663768677,10.030392373809642,6.775998325801895,0.009972766537204174
内阁,年表,0.0033241648716941193,1,300.8274374460742,2,0.0033214031663768677,10.030392373809642,6.775998325801895,0.009972766537204174
内阁,国宪家猷,0.0033241648716941193,1,300.8274374460742,2,0.0033214031663768677,10.030392373809642,6.775998325801895,0.009972766537204174
内阁,具道,0.0033241648716941193,1,300.8274374460742,2,0.0033214031663768677,10.030392373809642,6.775998325801895,0.009972766537204174
内阁,而华,0.0033241648716941193,1,300.8274374460742,2,0.0033214031663768677,10.030392373809642,6.775998325801895,0.009972766537204174
内阁,召溥,0.0033241648716941193,1,300.8274374460742,2,0.0033214031663768677,10.030392373809642,6.775998325801895,0.009972766537204174
内阁,而三人,0.0033241648716941193,1,300.8274374460742,2,0.0033214031663768677,10.030392373809642,6.775998325801895,0.009972766537204174
内阁,逮事,0.0033241648716941193,1,300.8274374460742,2,0.0033214031663768677,10.030392373809642,6.775998325801895,0.009972766537204174
内阁,阴刻,0.0033241648716941193,1,300.8274374460742,2,0.0033214031663768677,10.030392373809642,6.775998325801895,0.009972766537204174
内阁,必付,0.0033241648716941193,1,300.8274374460742,2,0.0033214031663768677,10.030392373809642,6.775998325801895,0.009972766537204174
内阁,循及,0.0033241648716941193,1,300.8274374460742,2,0.0033214031663768677,10.030392373809642,6.775998325801895,0.009972766537204174
内阁,高谷荐,0.0033241648716941193,1,300.8274374460742,2,0.0033214031663768677,10.030392373809642,6.775998325801895,0.009972766537204174
内阁,詹事迁,0.0033241648716941193,1,300.8274374460742,2,0.0033214031663768677,10.030392373809642,6.775998325801895,0.009972766537204174
内阁,宁率,0.0033241648716941193,1,300.8274374460742,2,0.0033214031663768677,10.030392373809642,6.775998325801895,0.009972766537204174
内阁,方坚,0.0033241648716941193,1,300.8274374460742,2,0.0033214031663768677,10.030392373809642,6.775998325801895,0.009972766537204174
内阁,制格,0.0033241648716941193,1,300.8274374460742,2,0.0033214031663768677,10.030392373809642,6.775998325801895,0.009972766537204174
内阁,尤乖,0.0033241648716941193,1,300.8274374460742,2,0.0033214031663768677,10.030392373809642,6.775998325801895,0.009972766537204174
内阁,溥性,0.0033241648716941193,1,300.8274374460742,2,0.0033214031663768677,10.030392373809642,6.775998325801895,0.009972766537204174
内阁,诏同,0.0033241648716941193,1,300.8274374460742,2,0.0033214031663768677,10.030392373809642,6.775998325801895,0.009972766537204174
内阁,亦憾,0.0033241648716941193,1,300.8274374460742,2,0.0033214031663768677,10.030392373809642,6.775998325801895,0.009972766537204174
内阁,与芳,0.0033241648716941193,1,300.8274374460742,2,0.0033214031663768677,10.030392373809642,6.775998325801895,0.009972766537204174
内阁,矫诈,0.0033241648716941193,1,300.8274374460742,2,0.0033214031663768677,10.030392373809642,6.775998325801895,0.009972766537204174
内阁,各言,0.0033241648716941193,1,300.8274374460742,2,0.0033214031663768677,10.030392373809642,6.775998325801895,0.009972766537204174
内阁,疏极言,0.0033241648716941193,1,300.8274374460742,2,0.0033214031663768677,10.030392373809642,6.775998325801895,0.009972766537204174
内阁,咨谋,0.0033241648716941193,1,300.8274374460742,2,0.0033214031663768677,10.030392373809642,6.775998325801895,0.009972766537204174
内阁,事取,0.0033241648716941193,1,300.8274374460742,2,0.0033214031663768677,10.030392373809642,6.775998325801895,0.009972766537204174
内阁,私请,0.0033241648716941193,1,300.8274374460742,2,0.0033214031663768677,10.030392373809642,6.775998325801895,0.009972766537204174
内阁,礼非,0.0033241648716941193,1,300.8274374460742,2,0.0033214031663768677,10.030392373809642,6.775998325801895,0.009972766537204174
内阁,吉棠,0.0033241648716941193,1,300.8274374460742,2,0.0033214031663768677,10.030392373809642,6.775998325801895,0.009972766537204174
内阁,刘夔,0.0033241648716941193,1,300.8274374460742,2,0.0033214031663768677,10.030392373809642,6.775998325801895,0.009972766537204174
内阁,画地守,0.0033241648716941193,1,300.8274374460742,2,0.0033214031663768677,10.030392373809642,6.775998325801895,0.009972766537204174
内阁,帝欲用,0.0033241648716941193,1,300.8274374460742,2,0.0033214031663768677,10.030392373809642,6.775998325801895,0.009972766537204174
内阁,庇护,0.0033241648716941193,1,300.8274374460742,2,0.0033214031663768677,10.030392373809642,6.775998325801895,0.009972766537204174
内阁,非高,0.0033241648716941193,1,300.8274374460742,2,0.0033214031663768677,10.030392373809642,6.775998325801895,0.009972766537204174
内阁,攀龙家,0.0033241648716941193,1,300.8274374460742,2,0.0033214031663768677,10.030392373809642,6.775998325801895,0.009972766537204174
内阁,当预,0.0033241648716941193,1,300.8274374460742,2,0.0033214031663768677,10.030392373809642,6.775998325801895,0.009972766537204174
内阁,必成,0.0033241648716941193,1,300.8274374460742,2,0.0033214031663768677,10.030392373809642,6.775998325801895,0.009972766537204174
内阁,交为,0.0033241648716941193,1,300.8274374460742,2,0.0033214031663768677,10.030392373809642,6.775998325801895,0.009972766537204174
内阁,即分,0.0033241648716941193,1,300.8274374460742,2,0.0033214031663768677,10.030392373809642,6.775998325801895,0.009972766537204174
内阁,言选侍,0.0033241648716941193,1,300.8274374460742,2,0.0033214031663768677,10.030392373809642,6.775998325801895,0.009972766537204174
内阁,薄待,0.0033241648716941193,1,300.8274374460742,2,0.0033214031663768677,10.030392373809642,6.775998325801895,0.009972766537204174
内阁,文送,0.0033241648716941193,1,300.8274374460742,2,0.0033214031663768677,10.030392373809642,6.775998325801895,0.009972766537204174
内阁,亟诣,0.0033241648716941193,1,300.8274374460742,2,0.0033214031663768677,10.030392373809642,6.775998325801895,0.009972766537204174
内阁,姜荃林,0.0033241648716941193,1,300.8274374460742,2,0.0033214031663768677,10.030392373809642,6.775998325801895,0.009972766537204174
内阁,称疾不出,0.0033241648716941193,1,300.8274374460742,2,0.0033214031663768677,10.030392373809642,6.775998325801895,0.009972766537204174
内阁,命嵩,0.0033241648716941193,1,300.8274374460742,2,0.0033214031663768677,10.030392373809642,6.775998325801895,0.009972766537204174
内阁,张芾,0.0033241648716941193,1,300.8274374460742,2,0.0033214031663768677,10.030392373809642,6.775998325801895,0.009972766537204174
内阁,五府,0.06482121499803532,2,30.854096148315307,39,0.0019644297271273967,9.945617287534398,7.607682577221239,0.007211197732492975
内阁,辅导,0.06980746230557651,2,28.650232137721353,42,0.002275026578128738,9.651583781772942,7.594858536863656,0.00832501839315248
内阁,一人,1.643799529052742,7,4.258426819256864,989,0.0015300700843856824,9.609578154436058,7.4786799947296565,0.0061994071409044145
内阁,宰相,0.07313162717727063,2,27.347948858734018,44,0.0024941201587383283,9.467685706516754,7.586372070975828,0.009098048377787613
内阁,费宏,0.07479370961311768,2,26.740216661873266,45,0.002607257506836086,9.379036512345216,7.582147485114102,0.009480936388494858
内阁,中官,1.253210156628683,6,4.787704574738581,754,0.0018338223678131655,9.335525890788091,7.547415546758978,0.006818057521356642
内阁,谢迁,0.0781178744848118,2,25.60233510179355,47,0.0028406527337829406,9.20785033679758,7.573735245297902,0.009972766537204174
内阁,远臣,0.004986247307541179,1,200.55162496404947,3,0.00497796753104304,8.987222062658399,6.77118130950412,0.013335894540438629
内阁,又合,0.004986247307541179,1,200.55162496404947,3,0.00497796753104304,8.987222062658399,6.77118130950412,0.013335894540438629
内阁,官侍,0.004986247307541179,1,200.55162496404947,3,0.00497796753104304,8.987222062658399,6.77118130950412,0.013335894540438629
内阁,奏事官,0.004986247307541179,1,200.55162496404947,3,0.00497796753104304,8.987222062658399,6.77118130950412,0.013335894540438629
内阁,局官,0.004986247307541179,1,200.55162496404947,3,0.00497796753104304,8.987222062658399,6.77118130950412,0.013335894540438629
内阁,敢留,0.004986247307541179,1,200.55162496404947,3,0.00497796753104304,8.987222062658399,6.77118130950412,0.013335894540438629
内阁,服之,0.004986247307541179,1,200.55162496404947,3,0.00497796753104304,8.987222062658399,6.77118130950412,0.013335894540438629
内阁,请广,0.004986247307541179,1,200.55162496404947,3,0.00497796753104304,8.987222062658399,6.77118130950412,0.013335894540438629
内阁,同选,0.004986247307541179,1,200.55162496404947,3,0.00497796753104304,8.987222062658399,6.77118130950412,0.013335894540438629
内阁,令原,0.004986247307541179,1,200.55162496404947,3,0.00497796753104304,8.987222062658399,6.77118130950412,0.013335894540438629
内阁,荣等,0.004986247307541179,1,200.55162496404947,3,0.00497796753104304,8.987222062658399,6.77118130950412,0.013335894540438629
内阁,原衔,0.004986247307541179,1,200.55162496404947,3,0.00497796753104304,8.987222062658399,6.77118130950412,0.013335894540438629
内阁,具题,0.004986247307541179,1,200.55162496404947,3,0.00497796753104304,8.987222062658399,6.77118130950412,0.013335894540438629
内阁,两房,0.004986247307541179,1,200.55162496404947,3,0.00497796753104304,8.987222062658399,6.77118130950412,0.013335894540438629
内阁,二册,0.004986247307541179,1,200.55162496404947,3,0.00497796753104304,8.987222062658399,6.77118130950412,0.013335894540438629
内阁,而司,0.004986247307541179,1,200.55162496404947,3,0.00497796753104304,8.987222062658399,6.77118130950412,0.013335894540438629
内阁,沈廷扬,0.004986247307541179,1,200.55162496404947,3,0.00497796753104304,8.987222062658399,6.77118130950412,0.013335894540438629
内阁,李继先,0.004986247307541179,1,200.55162496404947,3,0.00497796753104304,8.987222062658399,6.77118130950412,0.013335894540438629
内阁,政归,0.004986247307541179,1,200.55162496404947,3,0.00497796753104304,8.987222062658399,6.77118130950412,0.013335894540438629
内阁,请事,0.004986247307541179,1,200.55162496404947,3,0.00497796753104304,8.987222062658399,6.77118130950412,0.013335894540438629
内阁,此诚,0.004986247307541179,1,200.55162496404947,3,0.00497796753104304,8.987222062658399,6.77118130950412,0.013335894540438629
内阁,为责,0.004986247307541179,1,200.55162496404947,3,0.00497796753104304,8.987222062658399,6.77118130950412,0.013335894540438629
内阁,必下,0.004986247307541179,1,200.55162496404947,3,0.00497796753104304,8.987222062658399,6.77118130950412,0.013335894540438629
内阁,张庆,0.004986247307541179,1,200.55162496404947,3,0.00497796753104304,8.987222062658399,6.77118130950412,0.013335894540438629
内阁,中至,0.004986247307541179,1,200.55162496404947,3,0.00497796753104304,8.987222062658399,6.77118130950412,0.013335894540438629
内阁,禁庭,0.004986247307541179,1,200.55162496404947,3,0.00497796753104304,8.987222062658399,6.77118130950412,0.013335894540438629
内阁,覃包,0.004986247307541179,1,200.55162496404947,3,0.00497796753104304,8.987222062658399,6.77118130950412,0.013335894540438629
内阁,失律者,0.004986247307541179,1,200.55162496404947,3,0.00497796753104304,8.987222062658399,6.77118130950412,0.013335894540438629
内阁,由侍,0.004986247307541179,1,200.55162496404947,3,0.00497796753104304,8.987222062658399,6.77118130950412,0.013335894540438629
内阁,帝乃谕,0.004986247307541179,1,200.55162496404947,3,0.00497796753104304,8.987222062658399,6.77118130950412,0.013335894540438629
内阁,阮勤,0.004986247307541179,1,200.55162496404947,3,0.00497796753104304,8.987222062658399,6.77118130950412,0.013335894540438629
内阁,吴宽,0.004986247307541179,1,200.55162496404947,3,0.00497796753104304,8.987222062658399,6.77118130950412,0.013335894540438629
内阁,蟠结,0.004986247307541179,1,200.55162496404947,3,0.00497796753104304,8.987222062658399,6.77118130950412,0.013335894540438629
内阁,必先白,0.004986247307541179,1,200.55162496404947,3,0.00497796753104304,8.987222062658399,6.77118130950412,0.013335894540438629
内阁,铁牌,0.004986247307541179,1,200.55162496404947,3,0.00497796753104304,8.987222062658399,6.77118130950412,0.013335894540438629
内阁,资品,0.004986247307541179,1,200.55162496404947,3,0.00497796753104304,8.987222062658399,6.77118130950412,0.013335894540438629
内阁,尽信,0.004986247307541179,1,200.55162496404947,3,0.00497796753104304,8.987222062658399,6.77118130950412,0.013335894540438629
内阁,衷甲,0.004986247307541179,1,200.55162496404947,3,0.00497796753104304,8.987222062658399,6.77118130950412,0.013335894540438629
内阁,忠贤得,0.004986247307541179,1,200.55162496404947,3,0.00497796753104304,8.987222062658399,6.77118130950412,0.013335894540438629
内阁,尽握,0.004986247307541179,1,200.55162496404947,3,0.00497796753104304,8.987222062658399,6.77118130950412,0.013335894540438629
内阁,沈先生,0.004986247307541179,1,200.55162496404947,3,0.00497796753104304,8.987222062658399,6.77118130950412,0.013335894540438629
内阁,方从哲,0.08310412179235299,2,24.066194995685933,50,0.003208434011807136,8.965072600333018,7.561208147421739,0.009972766537204174
内阁,司礼,0.08476620422820004,2,23.59430881929994,51,0.0033357184624441547,8.887575867656548,7.557056504151272,0.009972766537204174
内阁,七人,0.08476620422820004,2,23.59430881929994,51,0.0033357184624441547,8.887575867656548,7.557056504151272,0.009972766537204174
内阁,公论,0.08809036909989416,2,22.70395754309994,53,0.0035972588989246737,8.73732308834807,7.548788888167671,0.010727044531497741
内阁,方面,0.0947386988432824,2,21.11069736463679,57,0.004148061388119641,8.454157640267955,7.532394449917002,0.012306269079843437
内阁,讹谬,0.006648329743388239,1,150.4137187230371,4,0.006631772300625194,8.310951893839677,6.766380323240298,0.016298423450689034
内阁,独否,0.006648329743388239,1,150.4137187230371,4,0.006631772300625194,8.310951893839677,6.766380323240298,0.016298423450689034
内阁,八叠,0.006648329743388239,1,150.4137187230371,4,0.006631772300625194,8.310951893839677,6.766380323240298,0.016298423450689034
内阁,之助,0.006648329743388239,1,150.4137187230371,4,0.006631772300625194,8.310951893839677,6.766380323240298,0.016298423450689034
内阁,循习,0.006648329743388239,1,150.4137187230371,4,0.006631772300625194,8.310951893839677,6.766380323240298,0.016298423450689034
内阁,所藏,0.006648329743388239,1,150.4137187230371,4,0.006631772300625194,8.310951893839677,6.766380323240298,0.016298423450689034
内阁,图注,0.006648329743388239,1,150.4137187230371,4,0.006631772300625194,8.310951893839677,6.766380323240298,0.016298423450689034
内阁,本公,0.006648329743388239,1,150.4137187230371,4,0.006631772300625194,8.310951893839677,6.766380323240298,0.016298423450689034
内阁,犹疑,0.006648329743388239,1,150.4137187230371,4,0.006631772300625194,8.310951893839677,6.766380323240298,0.016298423450689034
内阁,尽移,0.006648329743388239,1,150.4137187230371,4,0.006631772300625194,8.310951893839677,6.766380323240298,0.016298423450689034
内阁,虽居,0.006648329743388239,1,150.4137187230371,4,0.006631772300625194,8.310951893839677,6.766380323240298,0.016298423450689034
内阁,弗能,0.006648329743388239,1,150.4137187230371,4,0.006631772300625194,8.310951893839677,6.766380323240298,0.016298423450689034
内阁,日令,0.006648329743388239,1,150.4137187230371,4,0.006631772300625194,8.310951893839677,6.766380323240298,0.016298423450689034
内阁,捕营,0.006648329743388239,1,150.4137187230371,4,0.006631772300625194,8.310951893839677,6.766380323240298,0.016298423450689034
内阁,固如,0.006648329743388239,1,150.4137187230371,4,0.006631772300625194,8.310951893839677,6.766380323240298,0.016298423450689034
内阁,反汗,0.006648329743388239,1,150.4137187230371,4,0.006631772300625194,8.310951893839677,6.766380323240298,0.016298423450689034
内阁,俞纲,0.006648329743388239,1,150.4137187230371,4,0.006631772300625194,8.310951893839677,6.766380323240298,0.016298423450689034
内阁,实臣,0.006648329743388239,1,150.4137187230371,4,0.006631772300625194,8.310951893839677,6.766380323240298,0.016298423450689034
内阁,刘敷,0.006648329743388239,1,150.4137187230371,4,0.006631772300625194,8.310951893839677,6.766380323240298,0.016298423450689034
内阁,托以,0.006648329743388239,1,150.4137187230371,4,0.006631772300625194,8.310951893839677,6.766380323240298,0.016298423450689034
内阁,献媚,0.006648329743388239,1,150.4137187230371,4,0.006631772300625194,8.310951893839677,6.766380323240298,0.016298423450689034
内阁,知势,0.006648329743388239,1,150.4137187230371,4,0.006631772300625194,8.310951893839677,6.766380323240298,0.016298423450689034
内阁,以琼,0.006648329743388239,1,150.4137187230371,4,0.006631772300625194,8.310951893839677,6.766380323240298,0.016298423450689034
内阁,明纶,0.006648329743388239,1,150.4137187230371,4,0.006631772300625194,8.310951893839677,6.766380323240298,0.016298423450689034
内阁,一据,0.006648329743388239,1,150.4137187230371,4,0.006631772300625194,8.310951893839677,6.766380323240298,0.016298423450689034
内阁,王之桢,0.006648329743388239,1,150.4137187230371,4,0.006631772300625194,8.310951893839677,6.766380323240298,0.016298423450689034
内阁,生授,0.006648329743388239,1,150.4137187230371,4,0.006631772300625194,8.310951893839677,6.766380323240298,0.016298423450689034
内阁,文自,0.006648329743388239,1,150.4137187230371,4,0.006631772300625194,8.310951893839677,6.766380323240298,0.016298423450689034
内阁,翰林院,0.3124714979392472,3,9.600875663172582,188,0.003977313814327624,8.236818512982726,7.6631215636466665,0.011829959037487292
内阁,掌印,0.10304911102251771,2,19.408221770714462,62,0.004887846184791179,8.128661067836536,7.512159966176949,0.013335894540438629
内阁,国子生,0.10637327589421182,2,18.80171484037964,64,0.005199497618641334,8.006256653018122,7.504144973112829,0.013833525774366851
内阁,讲读,0.10637327589421182,2,18.80171484037964,64,0.005199497618641334,8.006256653018122,7.504144973112829,0.013833525774366851
内阁,科道,0.10803535833005888,2,18.512457688989183,65,0.005358679471254015,7.946583134222756,7.500154112916794,0.014224412326440863
内阁,腹心,0.10969744076590594,2,18.23196590582268,66,0.0055200729168661394,7.887886536787958,7.496174262004249,0.014619371195353247
内阁,马文升,0.111359523201753,2,17.95984701170592,67,0.005683671735233936,7.830137024109289,7.492205359801304,0.014984225483798557
内阁,之名,0.111359523201753,2,17.95984701170592,67,0.005683671735233936,7.830137024109289,7.492205359801304,0.014984225483798557
内阁,命入,0.008310412179235298,1,120.3309749784297,5,0.008282835705655123,7.808934795757693,6.7615952606749214,0.01880252332399206
内阁,靳贵,0.008310412179235298,1,120.3309749784297,5,0.008282835705655123,7.808934795757693,6.7615952606749214,0.01880252332399206
内阁,赵府,0.008310412179235298,1,120.3309749784297,5,0.008282835705655123,7.808934795757693,6.7615952606749214,0.01880252332399206
内阁,盖因,0.008310412179235298,1,120.3309749784297,5,0.008282835705655123,7.808934795757693,6.7615952606749214,0.01880252332399206
内阁,命内官,0.008310412179235298,1,120.3309749784297,5,0.008282835705655123,7.808934795757693,6.7615952606749214,0.01880252332399206
内阁,定位,0.008310412179235298,1,120.3309749784297,5,0.008282835705655123,7.808934795757693,6.7615952606749214,0.01880252332399206
内阁,侍班官,0.008310412179235298,1,120.3309749784297,5,0.008282835705655123,7.808934795757693,6.7615952606749214,0.01880252332399206
内阁,相权,0.008310412179235298,1,120.3309749784297,5,0.008282835705655123,7.808934795757693,6.7615952606749214,0.01880252332399206
内阁,尚宾,0.008310412179235298,1,120.3309749784297,5,0.008282835705655123,7.808934795757693,6.7615952606749214,0.01880252332399206
内阁,隐蔽,0.008310412179235298,1,120.3309749784297,5,0.008282835705655123,7.808934795757693,6.7615952606749214,0.01880252332399206
内阁,自设,0.008310412179235298,1,120.3309749784297,5,0.008282835705655123,7.808934795757693,6.7615952606749214,0.01880252332399206
内阁,建议者,0.008310412179235298,1,120.3309749784297,5,0.008282835705655123,7.808934795757693,6.7615952606749214,0.01880252332399206
内阁,列卿,0.008310412179235298,1,120.3309749784297,5,0.008282835705655123,7.808934795757693,6.7615952606749214,0.01880252332399206
内阁,加称,0.008310412179235298,1,120.3309749784297,5,0.008282835705655123,7.808934795757693,6.7615952606749214,0.01880252332399206
内阁,旨行,0.008310412179235298,1,120.3309749784297,5,0.008282835705655123,7.808934795757693,6.7615952606749214,0.01880252332399206
内阁,传者,0.008310412179235298,1,120.3309749784297,5,0.008282835705655123,7.808934795757693,6.7615952606749214,0.01880252332399206
内阁,献捷,0.008310412179235298,1,120.3309749784297,5,0.008282835705655123,7.808934795757693,6.7615952606749214,0.01880252332399206
内阁,代言,0.008310412179235298,1,120.3309749784297,5,0.008282835705655123,7.808934795757693,6.7615952606749214,0.01880252332399206
内阁,简入,0.008310412179235298,1,120.3309749784297,5,0.008282835705655123,7.808934795757693,6.7615952606749214,0.01880252332399206
内阁,评议,0.008310412179235298,1,120.3309749784297,5,0.008282835705655123,7.808934795757693,6.7615952606749214,0.01880252332399206
内阁,寻进礼,0.008310412179235298,1,120.3309749784297,5,0.008282835705655123,7.808934795757693,6.7615952606749214,0.01880252332399206
内阁,并予,0.008310412179235298,1,120.3309749784297,5,0.008282835705655123,7.808934795757693,6.7615952606749214,0.01880252332399206
内阁,尽易,0.008310412179235298,1,120.3309749784297,5,0.008282835705655123,7.808934795757693,6.7615952606749214,0.01880252332399206
内阁,微劳,0.008310412179235298,1,120.3309749784297,5,0.008282835705655123,7.808934795757693,6.7615952606749214,0.01880252332399206
内阁,实主,0.008310412179235298,1,120.3309749784297,5,0.008282835705655123,7.808934795757693,6.7615952606749214,0.01880252332399206
内阁,无拘,0.008310412179235298,1,120.3309749784297,5,0.008282835705655123,7.808934795757693,6.7615952606749214,0.01880252332399206
内阁,论道,0.008310412179235298,1,120.3309749784297,5,0.008282835705655123,7.808934795757693,6.7615952606749214,0.01880252332399206
内阁,反前,0.008310412179235298,1,120.3309749784297,5,0.008282835705655123,7.808934795757693,6.7615952606749214,0.01880252332399206
内阁,示之,0.008310412179235298,1,120.3309749784297,5,0.008282835705655123,7.808934795757693,6.7615952606749214,0.01880252332399206
内阁,公举,0.008310412179235298,1,120.3309749784297,5,0.008282835705655123,7.808934795757693,6.7615952606749214,0.01880252332399206
内阁,事乃止,0.008310412179235298,1,120.3309749784297,5,0.008282835705655123,7.808934795757693,6.7615952606749214,0.01880252332399206
内阁,尽属,0.008310412179235298,1,120.3309749784297,5,0.008282835705655123,7.808934795757693,6.7615952606749214,0.01880252332399206
内阁,士柔,0.008310412179235298,1,120.3309749784297,5,0.008282835705655123,7.808934795757693,6.7615952606749214,0.01880252332399206
内阁,疏言,0.3440510642203414,3,8.71963586800215,207,0.0051946319213105815,7.717881396154316,7.607682577221239,0.013833525774366851
内阁,叶向高,0.11634577050929418,2,17.190139282632813,70,0.006187666597127427,7.662292324934208,7.480363747156787,0.016202467838979266
内阁,日讲,0.11800785294514124,2,16.94802464484925,71,0.006360045403770499,7.608058530361932,7.476438043942987,0.016298423450689034
内阁,文臣,0.12133201781683536,2,16.483695202524615,73,0.006711278337005127,7.502017827006239,7.468618539483688,0.0164242254660885
内阁,申时行,0.12133201781683536,2,16.483695202524615,73,0.006711278337005127,7.502017827006239,7.468618539483688,0.0164242254660885
内阁,王锡爵,0.12299410025268243,2,16.26094256465266,74,0.006890148211213217,7.450166170912222,7.464724623379197,0.01682646721054175
内阁,不用,0.36399605345050606,3,8.241847601262307,219,0.006066587311661597,7.417251535783086,7.573735245297902,0.015921360365446724
内阁,马愉,0.009972494615082358,1,100.27581248202473,6,0.009931158589639832,7.409550506151665,6.756826016527049,0.02121573474029872
内阁,刘永诚,0.009972494615082358,1,100.27581248202473,6,0.009931158589639832,7.409550506151665,6.756826016527049,0.02121573474029872
内阁,言帝,0.009972494615082358,1,100.27581248202473,6,0.009931158589639832,7.409550506151665,6.756826016527049,0.02121573474029872
内阁,九华,0.009972494615082358,1,100.27581248202473,6,0.009931158589639832,7.409550506151665,6.756826016527049,0.02121573474029872
内阁,前殿,0.009972494615082358,1,100.27581248202473,6,0.009931158589639832,7.409550506151665,6.756826016527049,0.02121573474029872
内阁,陛升,0.009972494615082358,1,100.27581248202473,6,0.009931158589639832,7.409550506151665,6.756826016527049,0.02121573474029872
内阁,漏下,0.009972494615082358,1,100.27581248202473,6,0.009931158589639832,7.409550506151665,6.756826016527049,0.02121573474029872
内阁,法祖,0.009972494615082358,1,100.27581248202473,6,0.009931158589639832,7.409550506151665,6.756826016527049,0.02121573474029872
内阁,北人,0.009972494615082358,1,100.27581248202473,6,0.009931158589639832,7.409550506151665,6.756826016527049,0.02121573474029872
内阁,意旨,0.009972494615082358,1,100.27581248202473,6,0.009931158589639832,7.409550506151665,6.756826016527049,0.02121573474029872
内阁,犹称,0.009972494615082358,1,100.27581248202473,6,0.009931158589639832,7.409550506151665,6.756826016527049,0.02121573474029872
内阁,问状,0.009972494615082358,1,100.27581248202473,6,0.009931158589639832,7.409550506151665,6.756826016527049,0.02121573474029872
内阁,李裕,0.009972494615082358,1,100.27581248202473,6,0.009931158589639832,7.409550506151665,6.756826016527049,0.02121573474029872
内阁,事无大小,0.009972494615082358,1,100.27581248202473,6,0.009931158589639832,7.409550506151665,6.756826016527049,0.02121573474029872
内阁,黄汝良,0.009972494615082358,1,100.27581248202473,6,0.009931158589639832,7.409550506151665,6.756826016527049,0.02121573474029872
内阁,御侮,0.009972494615082358,1,100.27581248202473,6,0.009931158589639832,7.409550506151665,6.756826016527049,0.02121573474029872
内阁,因谕,0.009972494615082358,1,100.27581248202473,6,0.009931158589639832,7.409550506151665,6.756826016527049,0.02121573474029872
内阁,其居,0.009972494615082358,1,100.27581248202473,6,0.009931158589639832,7.409550506151665,6.756826016527049,0.02121573474029872
内阁,严行,0.009972494615082358,1,100.27581248202473,6,0.009931158589639832,7.409550506151665,6.756826016527049,0.02121573474029872
内阁,四朝,0.009972494615082358,1,100.27581248202473,6,0.009931158589639832,7.409550506151665,6.756826016527049,0.02121573474029872
内阁,帝亦为,0.009972494615082358,1,100.27581248202473,6,0.009931158589639832,7.409550506151665,6.756826016527049,0.02121573474029872
内阁,张悦,0.009972494615082358,1,100.27581248202473,6,0.009931158589639832,7.409550506151665,6.756826016527049,0.02121573474029872
内阁,部务,0.009972494615082358,1,100.27581248202473,6,0.009931158589639832,7.409550506151665,6.756826016527049,0.02121573474029872
内阁,专守,0.009972494615082358,1,100.27581248202473,6,0.009931158589639832,7.409550506151665,6.756826016527049,0.02121573474029872
内阁,黄应,0.009972494615082358,1,100.27581248202473,6,0.009931158589639832,7.409550506151665,6.756826016527049,0.02121573474029872
内阁,其座,0.009972494615082358,1,100.27581248202473,6,0.009931158589639832,7.409550506151665,6.756826016527049,0.02121573474029872
内阁,高言,0.009972494615082358,1,100.27581248202473,6,0.009931158589639832,7.409550506151665,6.756826016527049,0.02121573474029872
内阁,赞化,0.009972494615082358,1,100.27581248202473,6,0.009931158589639832,7.409550506151665,6.756826016527049,0.02121573474029872
内阁,奸党,0.1279803475602236,2,15.627399347848009,77,0.007439592095765425,7.299036297891278,7.453105540112364,0.018092089792637094
内阁,章下,0.1279803475602236,2,15.627399347848009,77,0.007439592095765425,7.299036297891278,7.453105540112364,0.018092089792637094
内阁,居正,0.7113712825425416,4,5.622942756001387,428,0.006019499784419603,7.2660771475987485,7.498162815097703,0.015833604875117323
内阁,讲官,0.13296659486776477,2,15.041371872303712,80,0.008008174985977468,7.15414506891636,7.4415792867313355,0.01880252332399206
内阁,弘文阁,0.011634577050929419,1,85.95069641316405,7,0.01157674181313694,7.077982539903908,6.752072486556415,0.023601090515358258
内阁,彭华,0.011634577050929419,1,85.95069641316405,7,0.01157674181313694,7.077982539903908,6.752072486556415,0.023601090515358258
内阁,一定,0.011634577050929419,1,85.95069641316405,7,0.01157674181313694,7.077982539903908,6.752072486556415,0.023601090515358258
内阁,多取,0.011634577050929419,1,85.95069641316405,7,0.01157674181313694,7.077982539903908,6.752072486556415,0.023601090515358258
内阁,见闻,0.011634577050929419,1,85.95069641316405,7,0.01157674181313694,7.077982539903908,6.752072486556415,0.023601090515358258
内阁,守训,0.011634577050929419,1,85.95069641316405,7,0.01157674181313694,7.077982539903908,6.752072486556415,0.023601090515358258
内阁,以语,0.011634577050929419,1,85.95069641316405,7,0.01157674181313694,7.077982539903908,6.752072486556415,0.023601090515358258
内阁,俞山,0.011634577050929419,1,85.95069641316405,7,0.01157674181313694,7.077982539903908,6.752072486556415,0.023601090515358258
内阁,藏书,0.011634577050929419,1,85.95069641316405,7,0.01157674181313694,7.077982539903908,6.752072486556415,0.023601090515358258
内阁,诗集,0.011634577050929419,1,85.95069641316405,7,0.01157674181313694,7.077982539903908,6.752072486556415,0.023601090515358258
内阁,凝重,0.011634577050929419,1,85.95069641316405,7,0.01157674181313694,7.077982539903908,6.752072486556415,0.023601090515358258
内阁,部权,0.011634577050929419,1,85.95069641316405,7,0.01157674181313694,7.077982539903908,6.752072486556415,0.023601090515358258
内阁,付诸,0.011634577050929419,1,85.95069641316405,7,0.01157674181313694,7.077982539903908,6.752072486556415,0.023601090515358258
内阁,抗声,0.011634577050929419,1,85.95069641316405,7,0.01157674181313694,7.077982539903908,6.752072486556415,0.023601090515358258
内阁,帝信,0.011634577050929419,1,85.95069641316405,7,0.01157674181313694,7.077982539903908,6.752072486556415,0.023601090515358258
内阁,旷职,0.011634577050929419,1,85.95069641316405,7,0.01157674181313694,7.077982539903908,6.752072486556415,0.023601090515358258
内阁,从子彪,0.011634577050929419,1,85.95069641316405,7,0.01157674181313694,7.077982539903908,6.752072486556415,0.023601090515358258
内阁,多称,0.011634577050929419,1,85.95069641316405,7,0.01157674181313694,7.077982539903908,6.752072486556415,0.023601090515358258
内阁,部郎,0.011634577050929419,1,85.95069641316405,7,0.01157674181313694,7.077982539903908,6.752072486556415,0.023601090515358258
内阁,专政,0.011634577050929419,1,85.95069641316405,7,0.01157674181313694,7.077982539903908,6.752072486556415,0.023601090515358258
内阁,亲裁,0.011634577050929419,1,85.95069641316405,7,0.01157674181313694,7.077982539903908,6.752072486556415,0.023601090515358258
内阁,祖制,0.13961492461115302,2,14.325116068860677,84,0.0087957071174648,6.969864581379037,7.426352812506678,0.019888928374774205
内阁,之臣,0.14127700704700008,2,14.156585291579962,85,0.008997783120584107,6.925282675811199,7.422571171964251,0.020306280972524446
内阁,高拱,0.14293908948284714,2,13.991973834701126,86,0.009201936268292745,6.881267786198528,7.418799418075043,0.020726691400426375
内阁,以中,0.013296659486776477,1,75.20685936151855,8,0.013219578901577383,6.794614400290508,6.747334567549752,0.026168449702781166
内阁,人目,0.013296659486776477,1,75.20685936151855,8,0.013219578901577383,6.794614400290508,6.747334567549752,0.026168449702781166
内阁,复陈,0.013296659486776477,1,75.20685936151855,8,0.013219578901577383,6.794614400290508,6.747334567549752,0.026168449702781166
内阁,成祖时,0.013296659486776477,1,75.20685936151855,8,0.013219578901577383,6.794614400290508,6.747334567549752,0.026168449702781166
内阁,圣意,0.013296659486776477,1,75.20685936151855,8,0.013219578901577383,6.794614400290508,6.747334567549752,0.026168449702781166
内阁,直纽,0.013296659486776477,1,75.20685936151855,8,0.013219578901577383,6.794614400290508,6.747334567549752,0.026168449702781166
内阁,事属,0.013296659486776477,1,75.20685936151855,8,0.013219578901577383,6.794614400290508,6.747334567549752,0.026168449702781166
内阁,寺卿,0.013296659486776477,1,75.20685936151855,8,0.013219578901577383,6.794614400290508,6.747334567549752,0.026168449702781166
内阁,政本,0.013296659486776477,1,75.20685936151855,8,0.013219578901577383,6.794614400290508,6.747334567549752,0.026168449702781166
内阁,需次,0.013296659486776477,1,75.20685936151855,8,0.013219578901577383,6.794614400290508,6.747334567549752,0.026168449702781166
内阁,谕意,0.013296659486776477,1,75.20685936151855,8,0.013219578901577383,6.794614400290508,6.747334567549752,0.026168449702781166
内阁,论建,0.013296659486776477,1,75.20685936151855,8,0.013219578901577383,6.794614400290508,6.747334567549752,0.026168449702781166
内阁,弗善,0.013296659486776477,1,75.20685936151855,8,0.013219578901577383,6.794614400290508,6.747334567549752,0.026168449702781166
内阁,操纵,0.013296659486776477,1,75.20685936151855,8,0.013219578901577383,6.794614400290508,6.747334567549752,0.026168449702781166
内阁,昔年,0.013296659486776477,1,75.20685936151855,8,0.013219578901577383,6.794614400290508,6.747334567549752,0.026168449702781166
内阁,政权,0.013296659486776477,1,75.20685936151855,8,0.013219578901577383,6.794614400290508,6.747334567549752,0.026168449702781166
内阁,庆臻,0.013296659486776477,1,75.20685936151855,8,0.013219578901577383,6.794614400290508,6.747334567549752,0.026168449702781166
内阁,海运,0.14958741922623536,2,13.370108330936633,90,0.010039043295425829,6.7106198457665975,7.40381024385559,0.021406783497599197
内阁,可望,0.15457366653377655,2,12.938814513809644,93,0.010688210121184467,6.587981098511969,7.39266968625039,0.02274921787261281
内阁,言官,0.7911512394632004,4,5.055923318421415,476,0.008666691558137733,6.5714709902044985,7.405675396075153,0.0196354730614058
内阁,三边,0.1562357489696236,2,12.801167550896775,94,0.010908626780636154,6.548060913507915,7.388975202692648,0.023175837116369852
内阁,尽归,0.014958741922623538,1,66.85054165468316,9,0.01485969647554513,6.5472852416573515,6.742612157307348,0.02839744301751623
内阁,兴王,0.014958741922623538,1,66.85054165468316,9,0.01485969647554513,6.5472852416573515,6.742612157307348,0.02839744301751623
内阁,孰若,0.014958741922623538,1,66.85054165468316,9,0.01485969647554513,6.5472852416573515,6.742612157307348,0.02839744301751623
内阁,李国,0.014958741922623538,1,66.85054165468316,9,0.01485969647554513,6.5472852416573515,6.742612157307348,0.02839744301751623
内阁,黄士,0.014958741922623538,1,66.85054165468316,9,0.01485969647554513,6.5472852416573515,6.742612157307348,0.02839744301751623
内阁,增入,0.014958741922623538,1,66.85054165468316,9,0.01485969647554513,6.5472852416573515,6.742612157307348,0.02839744301751623
内阁,便殿,0.014958741922623538,1,66.85054165468316,9,0.01485969647554513,6.5472852416573515,6.742612157307348,0.02839744301751623
内阁,宝座,0.014958741922623538,1,66.85054165468316,9,0.01485969647554513,6.5472852416573515,6.742612157307348,0.02839744301751623
内阁,惟是,0.014958741922623538,1,66.85054165468316,9,0.01485969647554513,6.5472852416573515,6.742612157307348,0.02839744301751623
内阁,同考,0.014958741922623538,1,66.85054165468316,9,0.01485969647554513,6.5472852416573515,6.742612157307348,0.02839744301751623
内阁,权重,0.014958741922623538,1,66.85054165468316,9,0.01485969647554513,6.5472852416573515,6.742612157307348,0.02839744301751623
内阁,执持,0.014958741922623538,1,66.85054165468316,9,0.01485969647554513,6.5472852416573515,6.742612157307348,0.02839744301751623
内阁,责在,0.014958741922623538,1,66.85054165468316,9,0.01485969647554513,6.5472852416573515,6.742612157307348,0.02839744301751623
内阁,谋议,0.014958741922623538,1,66.85054165468316,9,0.01485969647554513,6.5472852416573515,6.742612157307348,0.02839744301751623
内阁,观变,0.014958741922623538,1,66.85054165468316,9,0.01485969647554513,6.5472852416573515,6.742612157307348,0.02839744301751623
内阁,韦眷,0.014958741922623538,1,66.85054165468316,9,0.01485969647554513,6.5472852416573515,6.742612157307348,0.02839744301751623
内阁,时召,0.014958741922623538,1,66.85054165468316,9,0.01485969647554513,6.5472852416573515,6.742612157307348,0.02839744301751623
内阁,争执,0.014958741922623538,1,66.85054165468316,9,0.01485969647554513,6.5472852416573515,6.742612157307348,0.02839744301751623
内阁,萧敬,0.014958741922623538,1,66.85054165468316,9,0.01485969647554513,6.5472852416573515,6.742612157307348,0.02839744301751623
内阁,擢户科,0.014958741922623538,1,66.85054165468316,9,0.01485969647554513,6.5472852416573515,6.742612157307348,0.02839744301751623
内阁,忠贤益,0.014958741922623538,1,66.85054165468316,9,0.01485969647554513,6.5472852416573515,6.742612157307348,0.02839744301751623
内阁,二部,0.15789783140547067,2,12.666418418782072,95,0.01113103181103598,6.508603291000428,7.385290155884792,0.023601090515358258
内阁,殿阁,0.016620824358470596,1,60.16548748921485,10,0.01649709169082036,6.3279294864997215,6.7379051546298205,0.030618602178162594
内阁,始立,0.016620824358470596,1,60.16548748921485,10,0.01649709169082036,6.3279294864997215,6.7379051546298205,0.030618602178162594
内阁,曹元,0.016620824358470596,1,60.16548748921485,10,0.01649709169082036,6.3279294864997215,6.7379051546298205,0.030618602178162594
内阁,参以,0.016620824358470596,1,60.16548748921485,10,0.01649709169082036,6.3279294864997215,6.7379051546298205,0.030618602178162594
内阁,京卿,0.016620824358470596,1,60.16548748921485,10,0.01649709169082036,6.3279294864997215,6.7379051546298205,0.030618602178162594
内阁,增益,0.016620824358470596,1,60.16548748921485,10,0.01649709169082036,6.3279294864997215,6.7379051546298205,0.030618602178162594
内阁,可疑,0.016620824358470596,1,60.16548748921485,10,0.01649709169082036,6.3279294864997215,6.7379051546298205,0.030618602178162594
内阁,内监,0.016620824358470596,1,60.16548748921485,10,0.01649709169082036,6.3279294864997215,6.7379051546298205,0.030618602178162594
内阁,争先,0.016620824358470596,1,60.16548748921485,10,0.01649709169082036,6.3279294864997215,6.7379051546298205,0.030618602178162594
内阁,编纂,0.016620824358470596,1,60.16548748921485,10,0.01649709169082036,6.3279294864997215,6.7379051546298205,0.030618602178162594
内阁,防护,0.016620824358470596,1,60.16548748921485,10,0.01649709169082036,6.3279294864997215,6.7379051546298205,0.030618602178162594
内阁,安龙,0.016620824358470596,1,60.16548748921485,10,0.01649709169082036,6.3279294864997215,6.7379051546298205,0.030618602178162594
内阁,扈跸,0.016620824358470596,1,60.16548748921485,10,0.01649709169082036,6.3279294864997215,6.7379051546298205,0.030618602178162594
内阁,帝再,0.016620824358470596,1,60.16548748921485,10,0.01649709169082036,6.3279294864997215,6.7379051546298205,0.030618602178162594
内阁,恳辞,0.016620824358470596,1,60.16548748921485,10,0.01649709169082036,6.3279294864997215,6.7379051546298205,0.030618602178162594
内阁,泣诉,0.016620824358470596,1,60.16548748921485,10,0.01649709169082036,6.3279294864997215,6.7379051546298205,0.030618602178162594
内阁,死党,0.016620824358470596,1,60.16548748921485,10,0.01649709169082036,6.3279294864997215,6.7379051546298205,0.030618602178162594
内阁,疾笃,0.01828290679431766,1,54.695897717468036,11,0.01813176174453984,6.130920802128001,6.733213459305099,0.03257627798213151
内阁,固争,0.01828290679431766,1,54.695897717468036,11,0.01813176174453984,6.130920802128001,6.733213459305099,0.03257627798213151
内阁,下镇,0.01828290679431766,1,54.695897717468036,11,0.01813176174453984,6.130920802128001,6.733213459305099,0.03257627798213151
内阁,房舍,0.01828290679431766,1,54.695897717468036,11,0.01813176174453984,6.130920802128001,6.733213459305099,0.03257627798213151
内阁,金台,0.01828290679431766,1,54.695897717468036,11,0.01813176174453984,6.130920802128001,6.733213459305099,0.03257627798213151
内阁,公侯伯,0.01828290679431766,1,54.695897717468036,11,0.01813176174453984,6.130920802128001,6.733213459305099,0.03257627798213151
内阁,国祚,0.01828290679431766,1,54.695897717468036,11,0.01813176174453984,6.130920802128001,6.733213459305099,0.03257627798213151
内阁,御批,0.01828290679431766,1,54.695897717468036,11,0.01813176174453984,6.130920802128001,6.733213459305099,0.03257627798213151
内阁,比来,0.01828290679431766,1,54.695897717468036,11,0.01813176174453984,6.130920802128001,6.733213459305099,0.03257627798213151
内阁,论奏,0.01828290679431766,1,54.695897717468036,11,0.01813176174453984,6.130920802128001,6.733213459305099,0.03257627798213151
内阁,曲为,0.01828290679431766,1,54.695897717468036,11,0.01813176174453984,6.130920802128001,6.733213459305099,0.03257627798213151
内阁,谪居,0.01828290679431766,1,54.695897717468036,11,0.01813176174453984,6.130920802128001,6.733213459305099,0.03257627798213151
内阁,怀恩,0.01828290679431766,1,54.695897717468036,11,0.01813176174453984,6.130920802128001,6.733213459305099,0.03257627798213151
内阁,往征,0.01828290679431766,1,54.695897717468036,11,0.01813176174453984,6.130920802128001,6.733213459305099,0.03257627798213151
内阁,阴结,0.01828290679431766,1,54.695897717468036,11,0.01813176174453984,6.130920802128001,6.733213459305099,0.03257627798213151
内阁,谋于,0.01828290679431766,1,54.695897717468036,11,0.01813176174453984,6.130920802128001,6.733213459305099,0.03257627798213151
内阁,倚任,0.01828290679431766,1,54.695897717468036,11,0.01813176174453984,6.130920802128001,6.733213459305099,0.03257627798213151
内阁,拜命,0.01828290679431766,1,54.695897717468036,11,0.01813176174453984,6.130920802128001,6.733213459305099,0.03257627798213151
内阁,十年,1.3180313716267185,5,3.7935364116781107,793,0.011166830010154708,5.990108630320303,7.231815675223074,0.023601090515358258
内阁,同入,0.019944989230164717,1,50.13790624101237,12,0.019763718481665072,5.95217734193251,6.728536972095625,0.03500139456294883
内阁,徐溥,0.019944989230164717,1,50.13790624101237,12,0.019763718481665072,5.95217734193251,6.728536972095625,0.03500139456294883
内阁,中出,0.019944989230164717,1,50.13790624101237,12,0.019763718481665072,5.95217734193251,6.728536972095625,0.03500139456294883
内阁,自来,0.019944989230164717,1,50.13790624101237,12,0.019763718481665072,5.95217734193251,6.728536972095625,0.03500139456294883
内阁,部分,0.019944989230164717,1,50.13790624101237,12,0.019763718481665072,5.95217734193251,6.728536972095625,0.03500139456294883
内阁,相比,0.019944989230164717,1,50.13790624101237,12,0.019763718481665072,5.95217734193251,6.728536972095625,0.03500139456294883
内阁,狱成,0.019944989230164717,1,50.13790624101237,12,0.019763718481665072,5.95217734193251,6.728536972095625,0.03500139456294883
内阁,宜置,0.019944989230164717,1,50.13790624101237,12,0.019763718481665072,5.95217734193251,6.728536972095625,0.03500139456294883
内阁,朱国祚,0.021607071666011776,1,46.28114422247295,13,0.021392955463046818,5.788643228719101,6.7238755947257625,0.036928315977878434
内阁,即为,0.021607071666011776,1,46.28114422247295,13,0.021392955463046818,5.788643228719101,6.7238755947257625,0.036928315977878434
内阁,二十八日,0.021607071666011776,1,46.28114422247295,13,0.021392955463046818,5.788643228719101,6.7238755947257625,0.036928315977878434
内阁,宫保,0.021607071666011776,1,46.28114422247295,13,0.021392955463046818,5.788643228719101,6.7238755947257625,0.036928315977878434
内阁,事由,0.021607071666011776,1,46.28114422247295,13,0.021392955463046818,5.788643228719101,6.7238755947257625,0.036928315977878434
内阁,其文,0.021607071666011776,1,46.28114422247295,13,0.021392955463046818,5.788643228719101,6.7238755947257625,0.036928315977878434
内阁,近臣,0.021607071666011776,1,46.28114422247295,13,0.021392955463046818,5.788643228719101,6.7238755947257625,0.036928315977878434
内阁,臣愚,0.021607071666011776,1,46.28114422247295,13,0.021392955463046818,5.788643228719101,6.7238755947257625,0.036928315977878434
内阁,乞如,0.021607071666011776,1,46.28114422247295,13,0.021392955463046818,5.788643228719101,6.7238755947257625,0.036928315977878434
内阁,切谏,0.021607071666011776,1,46.28114422247295,13,0.021392955463046818,5.788643228719101,6.7238755947257625,0.036928315977878434
内阁,晏然,0.021607071666011776,1,46.28114422247295,13,0.021392955463046818,5.788643228719101,6.7238755947257625,0.036928315977878434
内阁,进官,0.021607071666011776,1,46.28114422247295,13,0.021392955463046818,5.788643228719101,6.7238755947257625,0.036928315977878434
内阁,调旨,0.021607071666011776,1,46.28114422247295,13,0.021392955463046818,5.788643228719101,6.7238755947257625,0.036928315977878434
内阁,可立,0.021607071666011776,1,46.28114422247295,13,0.021392955463046818,5.788643228719101,6.7238755947257625,0.036928315977878434
内阁,尊素,0.021607071666011776,1,46.28114422247295,13,0.021392955463046818,5.788643228719101,6.7238755947257625,0.036928315977878434
内阁,草诏,0.023269154101858838,1,42.97534820658203,14,0.023019495431090227,5.63797098709302,6.719229229869398,0.03881193997102422
内阁,高谷,0.023269154101858838,1,42.97534820658203,14,0.023019495431090227,5.63797098709302,6.719229229869398,0.03881193997102422
内阁,贺逢圣,0.023269154101858838,1,42.97534820658203,14,0.023019495431090227,5.63797098709302,6.719229229869398,0.03881193997102422
内阁,入井,0.023269154101858838,1,42.97534820658203,14,0.023019495431090227,5.63797098709302,6.719229229869398,0.03881193997102422
内阁,以非,0.023269154101858838,1,42.97534820658203,14,0.023019495431090227,5.63797098709302,6.719229229869398,0.03881193997102422
内阁,太重,0.023269154101858838,1,42.97534820658203,14,0.023019495431090227,5.63797098709302,6.719229229869398,0.03881193997102422
内阁,帝出,0.023269154101858838,1,42.97534820658203,14,0.023019495431090227,5.63797098709302,6.719229229869398,0.03881193997102422
内阁,犹以,0.023269154101858838,1,42.97534820658203,14,0.023019495431090227,5.63797098709302,6.719229229869398,0.03881193997102422
内阁,简用,0.023269154101858838,1,42.97534820658203,14,0.023019495431090227,5.63797098709302,6.719229229869398,0.03881193997102422
内阁,抵京,0.023269154101858838,1,42.97534820658203,14,0.023019495431090227,5.63797098709302,6.719229229869398,0.03881193997102422
内阁,所夺,0.023269154101858838,1,42.97534820658203,14,0.023019495431090227,5.63797098709302,6.719229229869398,0.03881193997102422
内阁,彭韶,0.023269154101858838,1,42.97534820658203,14,0.023019495431090227,5.63797098709302,6.719229229869398,0.03881193997102422
内阁,力谏,0.023269154101858838,1,42.97534820658203,14,0.023019495431090227,5.63797098709302,6.719229229869398,0.03881193997102422
内阁,以本官,0.023269154101858838,1,42.97534820658203,14,0.023019495431090227,5.63797098709302,6.719229229869398,0.03881193997102422
内阁,青词,0.023269154101858838,1,42.97534820658203,14,0.023019495431090227,5.63797098709302,6.719229229869398,0.03881193997102422
内阁,文华,0.5152455551125885,3,5.8224665312143395,310,0.015463429281924582,5.62261717583272,7.339409794465474,0.029502595340514002
内阁,边臣,0.20111197473749423,2,9.944708675903279,121,0.017592351240008058,5.6182411571320054,7.2926408679191175,0.03257627798213151
内阁,体仁,0.2027740571733413,2,9.863194670363088,122,0.01786607733033544,5.588370391599021,7.289193566300648,0.03257627798213151
内阁,不肯,0.20443613960918836,2,9.783006095807291,123,0.018141616876255994,5.558772861427937,7.285754482333878,0.03257627798213151
内阁,五日,0.20776030448088248,2,9.626477998274375,125,0.018698068120803726,5.500379770243844,7.278900811292815,0.03352358426604687
内阁,疏于,0.024931236537705896,1,40.11032499280989,15,0.024643328298221273,5.4983181140528385,6.714597781137751,0.04107221383036879
内阁,中者,0.024931236537705896,1,40.11032499280989,15,0.024643328298221273,5.4983181140528385,6.714597781137751,0.04107221383036879
内阁,张四维,0.024931236537705896,1,40.11032499280989,15,0.024643328298221273,5.4983181140528385,6.714597781137751,0.04107221383036879
内阁,庶母,0.024931236537705896,1,40.11032499280989,15,0.024643328298221273,5.4983181140528385,6.714597781137751,0.04107221383036879
内阁,各率,0.024931236537705896,1,40.11032499280989,15,0.024643328298221273,5.4983181140528385,6.714597781137751,0.04107221383036879
内阁,纠之,0.024931236537705896,1,40.11032499280989,15,0.024643328298221273,5.4983181140528385,6.714597781137751,0.04107221383036879
内阁,初政,0.024931236537705896,1,40.11032499280989,15,0.024643328298221273,5.4983181140528385,6.714597781137751,0.04107221383036879
内阁,宣示,0.024931236537705896,1,40.11032499280989,15,0.024643328298221273,5.4983181140528385,6.714597781137751,0.04107221383036879
内阁,东厂,0.2144086342242707,2,9.327982556467417,129,0.01983230853440934,5.386683177853158,7.265290379774162,0.035069326066943345
内阁,庶务,0.026593318973552955,1,37.60342968075928,16,0.02626446220343013,5.368211836843375,6.709981153067382,0.042850599375497817
内阁,曹鼐,0.026593318973552955,1,37.60342968075928,16,0.02626446220343013,5.368211836843375,6.709981153067382,0.042850599375497817
内阁,复论,0.026593318973552955,1,37.60342968075928,16,0.02626446220343013,5.368211836843375,6.709981153067382,0.042850599375497817
内阁,侍班,0.026593318973552955,1,37.60342968075928,16,0.02626446220343013,5.368211836843375,6.709981153067382,0.042850599375497817
内阁,翟銮,0.026593318973552955,1,37.60342968075928,16,0.02626446220343013,5.368211836843375,6.709981153067382,0.042850599375497817
内阁,圣节,0.026593318973552955,1,37.60342968075928,16,0.02626446220343013,5.368211836843375,6.709981153067382,0.042850599375497817
内阁,凡有,0.026593318973552955,1,37.60342968075928,16,0.02626446220343013,5.368211836843375,6.709981153067382,0.042850599375497817
内阁,加官,0.026593318973552955,1,37.60342968075928,16,0.02626446220343013,5.368211836843375,6.709981153067382,0.042850599375497817
内阁,始置,0.026593318973552955,1,37.60342968075928,16,0.02626446220343013,5.368211836843375,6.709981153067382,0.042850599375497817
内阁,重地,0.026593318973552955,1,37.60342968075928,16,0.02626446220343013,5.368211836843375,6.709981153067382,0.042850599375497817
内阁,上意,0.026593318973552955,1,37.60342968075928,16,0.02626446220343013,5.368211836843375,6.709981153067382,0.042850599375497817
内阁,继以,0.026593318973552955,1,37.60342968075928,16,0.02626446220343013,5.368211836843375,6.709981153067382,0.042850599375497817
内阁,能文,0.026593318973552955,1,37.60342968075928,16,0.02626446220343013,5.368211836843375,6.709981153067382,0.042850599375497817
内阁,主谋,0.026593318973552955,1,37.60342968075928,16,0.02626446220343013,5.368211836843375,6.709981153067382,0.042850599375497817
内阁,今者,0.026593318973552955,1,37.60342968075928,16,0.02626446220343013,5.368211836843375,6.709981153067382,0.042850599375497817
内阁,时政,0.22105696396765895,2,9.04744172770148,133,0.020994669457933823,5.276895009076679,7.2518071504105395,0.036928315977878434
内阁,张彩,0.028255401409400017,1,35.3914632289499,17,0.02788290887548066,5.246456328755697,6.705379251108373,0.044922464299385505
内阁,言论,0.028255401409400017,1,35.3914632289499,17,0.02788290887548066,5.246456328755697,6.705379251108373,0.044922464299385505
内阁,乃有,0.028255401409400017,1,35.3914632289499,17,0.02788290887548066,5.246456328755697,6.705379251108373,0.044922464299385505
内阁,明制,0.028255401409400017,1,35.3914632289499,17,0.02788290887548066,5.246456328755697,6.705379251108373,0.044922464299385505
内阁,其旧,0.028255401409400017,1,35.3914632289499,17,0.02788290887548066,5.246456328755697,6.705379251108373,0.044922464299385505
内阁,揭帖,0.028255401409400017,1,35.3914632289499,17,0.02788290887548066,5.246456328755697,6.705379251108373,0.044922464299385505
内阁,兼管,0.028255401409400017,1,35.3914632289499,17,0.02788290887548066,5.246456328755697,6.705379251108373,0.044922464299385505
内阁,力排,0.028255401409400017,1,35.3914632289499,17,0.02788290887548066,5.246456328755697,6.705379251108373,0.044922464299385505
内阁,称病,0.028255401409400017,1,35.3914632289499,17,0.02788290887548066,5.246456328755697,6.705379251108373,0.044922464299385505
内阁,监国,0.2277052937110472,2,8.783282845140851,137,0.02218472003288852,5.170781858783309,7.2384487675555205,0.03823815042815852
内阁,金幼孜,0.029917483845247075,1,33.42527082734158,18,0.02949865106433345,5.132067329245775,6.7007919816127215,0.04693886863460467
内阁,白莲,0.029917483845247075,1,33.42527082734158,18,0.02949865106433345,5.132067329245775,6.7007919816127215,0.04693886863460467
内阁,进者,0.029917483845247075,1,33.42527082734158,18,0.02949865106433345,5.132067329245775,6.7007919816127215,0.04693886863460467
内阁,多以,0.029917483845247075,1,33.42527082734158,18,0.02949865106433345,5.132067329245775,6.7007919816127215,0.04693886863460467
内阁,拱手,0.029917483845247075,1,33.42527082734158,18,0.02949865106433345,5.132067329245775,6.7007919816127215,0.04693886863460467
内阁,宜如,0.029917483845247075,1,33.42527082734158,18,0.02949865106433345,5.132067329245775,6.7007919816127215,0.04693886863460467
内阁,朝端,0.029917483845247075,1,33.42527082734158,18,0.02949865106433345,5.132067329245775,6.7007919816127215,0.04693886863460467
内阁,休去,0.029917483845247075,1,33.42527082734158,18,0.02949865106433345,5.132067329245775,6.7007919816127215,0.04693886863460467
内阁,俱以,0.03157956628109414,1,31.666046046955177,19,0.031111714969525608,5.024224994121673,6.696219251822897,0.04857279860652719
内阁,职业,0.03157956628109414,1,31.666046046955177,19,0.031111714969525608,5.024224994121673,6.696219251822897,0.04857279860652719
内阁,在籍,0.03157956628109414,1,31.666046046955177,19,0.031111714969525608,5.024224994121673,6.696219251822897,0.04857279860652719
内阁,等同,0.03157956628109414,1,31.666046046955177,19,0.031111714969525608,5.024224994121673,6.696219251822897,0.04857279860652719
内阁,决于,0.03157956628109414,1,31.666046046955177,19,0.031111714969525608,5.024224994121673,6.696219251822897,0.04857279860652719
内阁,本官,0.03157956628109414,1,31.666046046955177,19,0.031111714969525608,5.024224994121673,6.696219251822897,0.04857279860652719
内阁,成祖初,0.03157956628109414,1,31.666046046955177,19,0.031111714969525608,5.024224994121673,6.696219251822897,0.04857279860652719
内阁,会审,0.03157956628109414,1,31.666046046955177,19,0.031111714969525608,5.024224994121673,6.696219251822897,0.04857279860652719
内阁,掌部事,0.03157956628109414,1,31.666046046955177,19,0.031111714969525608,5.024224994121673,6.696219251822897,0.04857279860652719
内阁,逡巡,0.03157956628109414,1,31.666046046955177,19,0.031111714969525608,5.024224994121673,6.696219251822897,0.04857279860652719
内阁,流言,0.03157956628109414,1,31.666046046955177,19,0.031111714969525608,5.024224994121673,6.696219251822897,0.04857279860652719
内阁,十六卷,0.03157956628109414,1,31.666046046955177,19,0.031111714969525608,5.024224994121673,6.696219251822897,0.04857279860652719
内阁,乃命,0.2642711072996825,2,7.56798584769998,159,0.029206433349079262,4.644167444142381,7.167109985835258,0.04693886863460467
内阁,考察,0.26925735460722366,2,7.427837961631462,162,0.030224110157755495,4.578904942512783,7.157649656586192,0.04802735312739229
内阁,四人,0.2725815194789178,2,7.3372545718554685,164,0.03091032162828345,4.536171520838941,7.151377059570662,0.04857279860652719
内阁,经筵,0.277567766786459,2,7.205447603498783,167,0.03195111621182349,4.473196107342927,7.142019004872428,0.049816256459294696
