"juan","node","left","right","doc_index","position"
"卷二","六部","丁丑，定","官制。","404","3"
"卷二","六部","戊子，诏求贤才可任","者。","498","6"
"卷二","中书","","左丞杨宪有罪诛。","535","0"
"卷二","六部","癸巳，定","职掌及岁终考绩法。","605","3"
"卷二","六部","罢中书省，废丞相等官，更定","官秩，改大都督府为中、左、","771","10"
"卷三","六部","，置翰林备顾问；六十以下，于","、布按二司用之。","929","13"
"卷三","六部","，内治肃清，禁宦竖不得干政，五府","官职相维，置衞屯田，兵食俱足。","1222","37"
"卷五","机务","，检讨金幼孜、胡俨同入直，并预","。","1618","19"
"卷六","学士","尚书蹇义、","黄淮、谕德杨士奇、洗马杨溥辅皇太子监国","1933","4"
"卷七","学士","闰月丙子，翰林院","杨荣、金幼孜为文渊阁大学士。","2080","4"
"卷九","学士","尝命","胡广等即军中为太孙讲论经史。","2384","1"
"卷九","六部","戊子，敕公、侯、伯、五府、","、大学士、给事中审覆重囚。","2404","10"
"卷十","机务","辛丑，户部尚书黄福参赞南京守备","。","2630","8"
"卷十","学士","夏四月壬戌，以元","吴澄从祀孔子庙庭。","2638","5"
"卷十","学士","二月乙亥，侍讲","马愉、侍讲曹鼐入阁预机务。","2710","4"
"卷十","机务","乙亥，侍讲学士马愉、侍讲曹鼐入阁预","。","2710","11"
"卷十","机务","夏四月丙戌，翰林学士陈循直文渊阁，预","。","2770","9"
"卷十","学士","冬十月戊辰，侍读学士苗衷为兵部侍郎，侍讲","高谷为工部侍郎，并入阁预机务。","2799","10"
"卷十","机务","，侍讲学士高谷为工部侍郎，并入阁预","。","2799","18"
"卷十","机务","己亥，侍读学士张益直文渊阁，预","。","2844","8"
"卷十","学士","梁成、王贵，尚书王佐、邝埜，","曹鼐、张益，侍郎丁铉、王永和[","2871","37"
"卷十一","机务","修撰商辂、彭时入阁预","。","2894","6"
"卷十一","机务","刑部右侍郎江渊兼翰林学士，直文渊阁，预","。","2985","12"
"卷十一","机务","祭酒萧镃兼翰林学士，直文渊阁，预","。","3001","17"
"卷十一","机务","左都御史王文兼翰林学士，直文渊阁，预","。","3023","14"
"卷十一","学士","甲戌，平江侯陈豫、","江渊抚辑山东、河南被灾军民。","3055","6"
"卷十一","学士","辛酉，","江渊振淮北饥民。","3057","2"
"卷十二","机务","徐有贞以原官兼翰林学士，入阁预","。","3107","8"
"卷十二","机务","卿薛瑄为礼部侍郎兼翰林学士，入阁预","。","3110","15"
"卷十二","机务","癸卯，吏部侍郎李贤兼翰林学士，入阁预","。","3122","10"
"卷十二","机务","通政司参议兼侍讲吕原入阁预","。","3147","7"
"卷十二","机务","癸卯，修撰岳正入阁预","。","3149","6"
"卷十二","机务","甲子，太常少卿彭时兼翰林学士，入阁预","。","3162","11"
"卷十二","机务","，詹事陈文为礼部侍郎兼翰林学士，入阁预","。","3232","12"
"卷十三","九卿","癸酉，诏内阁","考核天下方面官。","3274","4"
"卷十三","机务","丙辰，太常寺少卿兼翰林院侍读学士刘定之入阁预","。","3319","10"
"卷十三","学士","夏五月辛丑，礼部侍郎万安兼翰林院","，入阁预机务。","3341","9"
"卷十三","机务","，礼部侍郎万安兼翰林院学士，入阁预","。","3341","13"
"卷十三","机务","、礼部侍郎刘吉并兼翰林学士，入阁预","。","3417","17"
"卷十四","六部","八月癸巳，以直隶、山东灾伤，诏","条恤民事宜。","3458","10"
"卷十四","机务","詹事彭华为吏部左侍郎兼翰林学士，入阁预","。","3538","13"
"卷十四","机务","左侍郎尹直为户部侍郎兼翰林学士，入阁预","。","3547","13"
"卷十五","机务","癸巳，吏部左侍郎兼翰林学士徐溥入阁预","。","3586","9"
"卷十五","机务","，詹事刘健为礼部侍郎兼翰林学士，入阁预","。","3588","11"
"卷十五","机务","乙丑，礼部尚书丘濬兼文渊阁大学士预","。","3648","10"
"卷十五","机务","乙丑，礼部侍郎李东阳、少詹事谢迁入阁预","。","3682","10"
"卷十六","机务","大学士，吏部侍郎王鏊兼翰林学士，入阁预","。","3858","17"
"卷十六","机务","，南京户部尚书杨廷和为文渊阁大学士，预","。","3873","11"
"卷十六","机务","戊子，吏部尚书刘宇兼文渊阁大学士，预","。","3889","11"
"卷十六","机务","尚书曹元为吏部尚书兼文渊阁大学士，预","。","3899","14"
"卷十六","机务","尚书刘忠、梁储并兼文渊阁大学士，预","。","3917","13"
"卷十六","机务","癸巳，礼部尚书费宏兼文渊阁大学士，预","。","3945","11"
"卷十六","机务","丙午，礼部尚书靳贵兼文渊阁大学士，预","。","3983","10"
"卷十六","机务","四月辛酉，吏部尚书杨一清兼武英殿大学士，预","。","3997","11"
"卷十六","机务","丁丑，礼部尚书蒋冕兼文渊阁大学士，预","。","4009","10"
"卷十六","机务","五月丙子，礼部尚书毛纪兼东阁大学士，预","。","4016","10"
"卷十七","机务","袁宗皐为礼部尚书兼文渊阁大学士，预","。","4135","14"
"卷十七","机务","，吏部尚书石珤兼文渊阁大学士，预","。","4198","11"
"卷十七","机务","吏部侍郎贾咏为礼部尚书兼文渊阁大学士，预","。","4209","12"
"卷十七","机务","礼部侍郎翟銮为吏部侍郎兼翰林学士，入阁预","。","4235","12"
"卷十七","机务","侍郎张璁为礼部尚书兼文渊阁大学士，预","。","4244","15"
"卷十七","机务","二月癸酉，吏部尚书桂萼兼武英殿大学士，预","。","4259","10"
"卷十七","机务","丙寅，礼部尚书李时兼文渊阁大学士，预","。","4302","10"
"卷十七","机务","丙子，前吏部尚书方献夫兼武英殿大学士，预","。","4310","11"
"卷十七","机务","乙丑，礼部尚书夏言兼武英殿大学士，预","。","4357","9"
"卷十七","机务","尚书掌詹事府事顾鼎臣兼文渊阁大学士，预","。","4376","13"
"卷十七","机务","癸巳，礼部尚书严嵩兼武英殿大学士，预","。","4456","9"
"卷十八","机务","大学士，礼部尚书张璧兼东阁大学士，预","。","4468","17"
"卷十八","机务","祭酒李本为少詹事兼翰林学士，入阁预","。","4507","22"
"卷十八","机务","辛卯，礼部尚书徐阶兼东阁大学士，预","。","4545","9"
"卷十八","机务","礼部尚书袁炜为户部尚书兼武英殿大学士，预","。","4685","14"
"卷十八","机务","严讷、礼部尚书李春芳并兼武英殿大学士，预","。","4719","16"
"卷十八","机务","武英殿大学士，礼部尚书高拱兼文渊阁大学士，预","。","4727","17"
"卷十九","机务","礼部侍郎张居正为吏部左侍郎兼东阁大学士，预","。","4760","20"
"卷十九","机务","壬戌，礼部尚书赵贞吉兼文渊阁大学士，预","。","4812","10"
"卷十九","机务","己丑，礼部尚书殷士儋兼文渊阁大学士，预","。","4844","10"
"卷十九","机务","戊辰，礼部尚书高仪兼文渊阁大学士，预","。","4860","12"
"卷二十","机务","壬午，礼部尚书吕调阳兼文渊阁大学士，预","。","4887","10"
"卷二十","机务","礼部侍郎张四维为礼部尚书兼东阁大学士，预","。","4917","14"
"卷二十","机务","文渊阁大学士，吏部侍郎申时行兼东阁大学士，预","。","4935","17"
"卷二十","机务","侍郎余有丁为礼部尚书兼文渊阁大学士，预","。","4981","20"
"卷二十","机务","吏部侍郎许国为礼部尚书兼东阁大学士，预","。","4999","12"
"卷二十","机务","文渊阁大学士，吏部侍郎王家屏兼东阁大学士，预","。","5014","21"
"卷二十","机务","张位为吏部侍郎，并兼东阁大学士，预","。","5103","23"
"卷二十","机务","、南京礼部尚书沈一贯并兼东阁大学士，预","。","5142","17"
"卷二十一","机务","礼部尚书沈鲤、朱赓并兼东阁大学士，预","。","5238","13"
"卷二十一","六部","辛亥，大学士沈鲤、朱赓请补","大僚，不报。","5284","8"
"卷二十一","机务","吏部侍郎叶向高并礼部尚书兼东阁大学士，预","。","5295","23"
"卷二十一","机务","左侍郎吴道南并礼部尚书兼东阁大学士，预","。","5338","19"
"卷二十一","机务","侍郎沈㴶为礼部尚书兼东阁大学士，预","。","5423","19"
"卷二十一","机务","、韩爌为礼部尚书兼东阁大学士，预","。","5426","18"
"卷二十一","机务","礼部尚书朱国祚为礼部尚书兼东阁大学士，预","。","5427","13"
"卷二十二","机务","壬戌，礼部尚书孙如游兼东阁大学士，预","。","5464","9"
"卷二十二","机务","礼部右侍郎孙承宗为兵部尚书兼东阁大学士，预","。","5528","10"
"卷二十二","机务","朱延禧、魏广微，俱礼部尚书东阁大学士，预","。","5559","23"
"卷二十二","中书","十二月辛巳，逮内阁","汪文言下镇抚司狱。","5599","5"
"卷二十二","机务","冯铨为礼部右侍郎，并兼东阁大学士，预","。","5619","27"
"卷二十二","机务","詹事李国𣚴，俱礼部尚书东阁大学士，预","。","5656","18"
"卷二十三","机务","、少詹事刘鸿训俱礼部尚书兼东阁大学士，预","[1]。","5710","34"
"卷二十三","机务","吏部侍郎成基命为礼部尚书兼东阁大学士，预","。","5754","12"
"卷二十三","机务","侍郎钱象坤俱礼部尚书兼东阁大学士，预","。","5770","20"
"卷二十三","机务","礼部尚书温体仁、吴宗达并兼东阁大学士，预","。","5785","12"
"卷二十三","九卿","己亥，召对内阁、","、科道及入觐两司官于文华殿。","5794","5"
"卷二十三","机务","礼部尚书郑以伟、徐光启并兼东阁大学士，预","。","5834","12"
"卷二十三","机务","礼部侍郎钱士升为礼部尚书兼东阁大学士，预","。","5866","14"
"卷二十三","机务","、何吾驺俱礼部尚书兼东阁大学士，预","。","5867","17"
"卷二十三","机务","、刑部侍郎张至发俱礼部侍郎兼东阁大学士，预","。","5931","16"
"卷二十三","机务","，前礼部侍郎林釬以原官兼东阁大学士，预","。","5952","11"
"卷二十三","机务","黄士俊，俱礼部尚书兼东阁大学士，预","。","5966","20"
"卷二十三","机务","薛国观为礼部侍郎，并兼东阁大学士，预","。","6001","25"
"卷二十四","机务","范复粹为礼部侍郎，并兼东阁大学士，预","。","6022","33"
"卷二十四","机务","魏照乘，俱礼部尚书兼东阁大学士，预","。","6055","22"
"卷二十四","机务","侍郎陈演以原官，并兼东阁大学士，预","。","6083","20"
"卷二十四","九卿","己巳，召阁臣、","、科道于乾清宫左室。","6112","5"
"卷二十四","机务","吴甡，俱礼部尚书兼东阁大学士，预","。","6170","21"
"卷二十四","机务","，修撰魏藻德为少詹事兼东阁大学士，预","。","6217","11"
"卷二十四","机务","李建泰、副都御史方岳贡并兼东阁大学士，预","。","6249","14"
"卷二十四","机务","范景文、礼部侍郎丘瑜并兼东阁大学士，预","。","6263","13"
"卷四十","六部","罢北京行部，直隶","。","12752","6"
"卷四十","六部","十三年正月己亥罢中书省，以所领直隶","。","13742","8"
"卷四十","中书","太祖甲辰年七月为府，置江淮","行省于此，寻罢。","14290","8"
"卷四十二","中书","洪武元年五月置","分省。","16143","4"
"卷四十四","中书","太祖戊戌年十二月置","分省。","20730","4"
"卷四十七","学士","","乐韶凤杂考汉、魏以来朝祭仪，议于郊祀","25050","0"
"卷四十七","学士","洪武二年，","朱升等奉敕撰斋戒文曰：「戒者","25063","3"
"卷四十七","中书","前期四日，太常卿至天下神祇坛奠告，","丞相诣京师城隍庙发咨。","25089","15"
"卷四十七","学士","洪武七年，太祖谓","詹同曰：「大祀，终献方行分献礼，","25122","5"
"卷四十七","学士","」同乃与","宋濂议以上，初献奠玉帛将毕，","25123","3"
"卷四十九","学士","","陶安言：「天子太社必受风雨霜露。","25565","0"
"卷四十九","九卿","，南向坐，观三公五推，尚书","九推。","25733","12"
"卷四十九","九卿","三公命妇采五条，列侯、","命妇采九条。","25809","7"
"卷五十一","九卿","奉安太宗以下神主，列于群庙，命","正官及武爵重臣，俱诣太宗庙陪祭。","26683","12"
"卷五十一","学士","","陶安等言：「古者四时之祭，三祭","26768","0"
"卷五十二","学士","","张璁、桂萼亦皆以为不可，书复密疏争","27088","0"
"卷五十二","学士","礼部议：「洪武元年，","宋濂等奏定诸王国祭祀礼乐，用清字，","27168","7"
"卷五十三","六部","二十四年，定侍班官：东则","都察院堂上官、十三道掌印御史、通政司、","27410","6"
"卷五十三","中书","、锦衣卫指挥、各卫掌印指挥、给事中、","舍人。","27410","59"
"卷五十三","六部","四年谕","及近侍官曰：「早朝多四方所奏事。","27414","2"
"卷五十三","六部","内阁、五府、","奏事官，六科侍班官，案西序立；侍班御史二","27423","4"
"卷五十三","六部","侯、驸马、伯又次之，五府、","又次之，应天府及在京杂职官员","27431","27"
"卷五十三","九卿","阁臣九年考满，赐宴于礼部，","侍宴。","27644","8"
"卷五十五","学士","其制，勋臣一人知经筵事，内阁","或知或同知。","28839","8"
"卷五十五","学士","尚书、都御史、通政使、大理卿及","等侍班，翰林院、春坊官及国子监祭酒二员","28840","9"
"卷五十五","学士","日讲，御文华穿殿，止用讲读官内阁","侍班，不用侍仪等官。","28865","10"
"卷五十五","学士","又","一员承旨坐讲，如初礼毕。","28887","1"
"卷五十五","学士","太祖命","宋濂授皇太子、诸王经于大本堂，后于","28889","2"
"卷五十五","学士","崇祯十一年，署礼部事","顾锡畴言：「东宫嘉礼告成，累朝锡赉有据","28915","6"
"卷五十六","六部","官三，侍讲、修撰、典籍等官六，","郎官共五十四，余不具载。","28944","64"
"卷五十六","机务","武重臣二员留守，兵部尚书参赞","，各赐敕行事。","28955","8"
"卷五十六","机务","太子幼，命辅臣一人居守，军国","悉听启行。","29002","11"
"卷五十六","六部","不服，乃命公、侯、伯、五府、","、都察院、大理寺会皇亲再问，启","29014","10"
"卷五十七","六部","中书集","论定功赏，奏取上裁。","29509","2"
"卷五十九","学士","侍讲","宋濂等议曰：「按唐制，皇帝为","30207","1"
"卷六十","学士","","乐韶凤等言：「汉诸庙寝园有便殿","30259","0"
"卷六十","学士","大学士杨士奇、杨荣，","杨溥议：「每岁高庙帝后、文庙帝后、","30391","5"
"卷六十","学士","三品祭葬，在任、致仕俱一坛，兼","赠尚书者二坛，未及考满病故者一坛","30553","10"
"卷六十","九卿","万历四十五年至今，蒙恤而未谥者，","台省会议与臣部酌议。","30668","23"
"卷六十","学士","」乃敕翰林院","宋濂等曰；「养生送死，圣王大政。","30758","4"
"卷六十一","学士","太祖御戟门，召","朱升、范权引乐舞生入见，阅试之","30814","4"
"卷六十四","中书","皇帝仪仗：吴元年十二月辛酉，","左相国李善长率礼官以即位礼仪进。","32757","7"
"卷六十六","学士","=卷六十六----皇帝冕服：洪武元年，","陶安请制五冕。","33207","59"
"卷六十七","学士","至一品而赐玉带者，自洪武中","罗复仁始。","33773","16"
"卷六十七","学士","而","严讷、李春芳、董份以五品撰青词，亦","33779","1"
"卷六十八","六部","","、都察院并在外各都司，俱正二品，","34149","0"
"卷六十八","九卿","有一官署二三印者，夏原吉至兼掌","印，诸曹并于朝房取裁，其任","34177","14"
"卷六十八","六部","六年驾幸北京，扈从官俱带牙牌；五府、","、都察院、大理寺、锦衣卫各铸印信，通政司","34227","11"
"卷六十九","中书","祖父年劳已及三年者，一子即授试","舍人习字；未及三年者，一子送监读书","34550","15"
"卷七十","中书","其他或授给事、御史、主事、","、行人、评事、太常、国子博士，","34785","10"
"卷七十","六部","其在","、都察院、通政司、大理寺等衙门者仍","34816","2"
"卷七十","学士","复命","解缙等选才资英敏者，就学文渊阁。","34893","1"
"卷七十","中书","朱慎鹬成进士，从宗彦、国祚请，即授","舍人。","35043","15"
"卷七十一","中书","、资性明敏、有学识才干者辟赴","，与年老者参用之。","35093","31"
"卷七十一","六部","三年，谕廷臣曰：「","总领天下之务，非学问博洽、才德","35102","6"
"卷七十一","六部","四十以上六十以下者，于","及布、按两司用之。","35134","7"
"卷七十一","六部","」帝以朝廷求贤不可止，自今来者，","、都察院、翰林院堂上官考试，中者录用","35146","10"
"卷七十一","六部","京官","主事、中书、行人、评事、博士","35171","1"
"卷七十一","中书","京官六部主事、","、行人、评事、博士，外官知州、","35171","5"
"卷七十一","六部","京官五府、","首领官，通政司、太常、光禄寺、","35173","3"
"卷七十一","九卿","在外官，惟督、抚廷推，","共之，吏部主之。","35192","8"
"卷七十一","九卿","在外府、州、县正佐，在内大小","之属员，皆常选官，选授迁除，一切","35200","10"
"卷七十一","九卿","虽临时考试，而先期有访单，出于","、台省诸臣之手，往往据以为高下","35251","10"
"卷七十一","中书","擢给事、御史若干人，而以","二人访单可否互异，具疏题请。","35252","18"
"卷七十一","六部","在京","五品以下，听本衙门正官察其行能，验其勤","35333","2"
"卷七十二","六部","自洪武十三年罢丞相不设，析中书省之政归","，以尚书任天下事，侍郎贰之。","35448","10"
"卷七十二","学士","而殿阁大学士只备顾问，帝方自操威柄，","鲜所参决。","35449","10"
"卷七十二","九卿","通政司，平反则参之大理寺，是亦汉","之遗意也。","35450","21"
"卷七十二","九卿","大典礼、大政事，","、科道官会议已定，则按典制，","35512","6"
"卷七十二","中书","七年设直省舍人十人，寻改","舍人。","35526","7"
"卷七十二","中书","其官属尽革，惟存","舍人。","35529","5"
"卷七十二","学士","建文中，改大学士为","。","35544","6"
"卷七十二","学士","悉罢诸大学士，各设","一人。","35545","6"
"卷七十二","学士","又改谨身殿为正心殿，设正心殿","。","35546","10"
"卷七十二","机务","解缙、胡广、杨荣等直文渊阁，参预","。","35547","14"
"卷七十二","中书","自后，诰敕房、制敕房俱设","舍人，六部承奉意旨，靡所不领，","35554","9"
"卷七十二","六部","诰敕房、制敕房俱设中书舍人，","承奉意旨，靡所不领，而阁权益重","35554","12"
"卷七十二","六部","嘉靖以后，朝位班次，俱列","之上。","35556","7"
"卷七十二","九卿","三品以上，","及佥都御史、祭酒，廷推上二人或三人。","35575","3"
"卷七十二","六部","、户、礼、兵、刑、工","，设尚书、侍郎、郎中、员外郎、","35693","14"
"卷七十二","六部","中书省，仿《周官》六卿之制，升","秩，各设尚书、侍郎一人。","35697","13"
"卷七十二","六部","建文中，改","尚书为正一品，设左、右侍中","35703","4"
"卷七十二","六部","后又分置","，各称行在某部。","35709","3"
"卷七十二","六部","十八年定都北京，罢行部及六曹，以","官属移之北，不称行在。","35710","10"
"卷七十二","学士","景泰中，左都御史王文升吏部尚书，兼","，入内阁，其班位犹以原衔为序次。","35725","10"
"卷七十二","六部","其后由侍郎、詹事入阁者，班皆列","上矣。","35727","9"
"卷七十二","六部","陕西司带管宗人府、五军都督府、","、都察院、通政司、大理寺、詹事府、翰林院","35799","8"
"卷七十二","中书","太仆寺、鸿胪寺、尚宝司、六科、","舍人、行人司、钦天监、太医院","35799","30"
"卷七十二","六部","","都察院、各都司，俱正二品，银印，","35896","0"
"卷七十二","六部","、钦天监、太医院、上林苑监、","各司、宗人府经历司、王府长史司、","35903","16"
"卷七十二","中书","各按察司经历司、各县，俱正七品，","舍人，顺天应天二府经历司、京卫经历","35906","29"
"卷七十二","中书","鸿胪寺，詹事府，国子监，礼科，","舍人，神乐观，牺牲所，兵仗局，","36108","33"
"卷七十二","九卿","霜降录重囚，会五府、","、科道官共录之。","36123","6"
"卷七十三","六部","盖","至重，然有专司，而都察院总宪纲，","36287","1"
"卷七十三","中书","，光禄寺，鸿胪寺，尚宝司，","舍人，钦天监，太医院，司礼、","36298","22"
"卷七十三","中书","，谕之曰：「国家立三大府，","总政事，都督掌军旅，御史掌纠察","36306","22"
"卷七十三","六部","洪熙元年，称行在都察院，同","，又定巡按以八月出巡。","36328","8"
"卷七十三","六部","即五军、","、都察院等衙门，有事关机密重大者","36546","2"
"卷七十三","九卿","犹不惬，则请下","会讯，曰圆审。","36576","7"
"卷七十三","六部","两京、五府、","、京卫等衙门刑名，属左寺。","36607","4"
"卷七十三","学士","","一人，正五品；侍读学士、侍讲学士各","36672","0"
"卷七十三","学士","学士一人，正五品；侍读学士、侍讲","各二人，并从五品；侍读、侍讲","36672","9"
"卷七十三","学士","","，掌制诰、史册、文翰之事，","36678","0"
"卷七十三","学士","诰敕，以","一人兼领。","36680","4"
"卷七十三","学士","正统中，王直、王英以礼部侍郎兼","，专领诰敕，后罢。","36681","10"
"卷七十三","学士","幸太学听讲，凡郊祀庆成诸宴，则","侍坐于四品京卿上。","36686","11"
"卷七十三","学士","庶起士，读书翰林院，以","一人教习之。","36694","7"
"卷七十三","学士","吴元年，初置翰林院，秩正三品，设","，正三品；侍讲学士，正四品；","36698","9"
"卷七十三","学士","秩正三品，设学士，正三品；侍讲","，正四品；直学士，正五品；","36698","15"
"卷七十三","学士","正三品；侍讲学士，正四品；直","，正五品；修撰、典簿，正七品","36698","21"
"卷七十三","学士","洪武二年，置","承旨，正三品，改学士，从三品","36699","4"
"卷七十三","学士","二年，置学士承旨，正三品，改","，从三品；侍讲学士，正四品；","36699","11"
"卷七十三","学士","正三品，改学士，从三品；侍讲","，正四品；侍读学士，从四品；修撰","36699","17"
"卷七十三","学士","十四年，定","为正五品，革承旨、直学士、待制","36701","3"
"卷七十三","学士","，定学士为正五品，革承旨、直","、待制、应奉、检阅、典簿，设","36701","11"
"卷七十三","学士","时，仍设承旨，改侍读、侍讲两","为文学博士，设文翰、文史二馆，","36705","11"
"卷七十三","机务","，特简讲、读、编、检等官参预","，简用无定员。","36709","12"
"卷七十三","学士","正统七年，翰林院落成，","钱习礼不设杨士奇、杨溥公座，曰：「","36713","6"
"卷七十三","六部","其在","，自成化时，周洪谟以后，礼部尚书","36716","2"
"卷七十三","学士","其由翰林者，尚书则兼","，六部皆然。","36717","8"
"卷七十三","六部","其由翰林者，尚书则兼学士，","皆然。","36717","10"
"卷七十三","学士","侍郎则兼侍读、侍讲","。","36718","6"
"卷七十三","学士","詹事、少詹事带","衔，春坊大学士不常设，庶子、谕德","36720","4"
"卷七十三","学士","、赞善、洗马等则带讲、读","以下至编、检衔。","36720","27"
"卷七十三","学士","宣德五年，始命","教习。","36732","4"
"卷七十三","学士","明初，尝置弘文馆","，洪武三年置，以胡铉为学士，","36734","5"
"卷七十三","学士","弘文馆学士，洪武三年置，以胡铉为","，又命刘基、危素、王本中、","36734","14"
"卷七十三","学士","、危素、王本中、睢稼皆兼弘文馆","，未几罢。","36734","29"
"卷七十四","中书","四夷馆)光禄寺太仆寺鸿胪寺尚宝司六科","舍人行人司钦天监太医院上林苑监五城","36832","67"
"卷七十四","学士","元年，兼选官民子弟，委官教肄，","稽考程课。","36893","11"
"卷七十四","六部","掌侍从、规谏、补阙、拾遗、稽察","百司之事。","37121","12"
"卷七十四","中书","","舍人二十人，从七品。","37175","0"
"卷七十四","中书","九年，为","舍人，改正七品，寻又改从七品","37195","3"
"卷七十四","中书","寻设中书科署于午门外，定设","舍人二十人。","37199","7"
"卷七十四","中书","四十四年，两房员缺，令吏部考选举人为","舍人。","37203","9"
"卷七十四","九卿","隆庆元年，令两房办事官不得升列","。","37204","9"
"卷七十四","中书","给事中、","舍人咸隶焉。","37208","2"
"卷七十四","学士","永乐初，命内阁","典机务，诏册、制诰皆属之","37218","5"
"卷七十四","机务","永乐初，命内阁学士典","，诏册、制诰皆属之。","37218","7"
"卷七十四","中书","而誊副、缮正皆","舍人入办，事竣辄出。","37219","7"
"卷七十四","学士","而诸","掌诰敕者居阁东，具稿付中书缮进","37221","2"
"卷七十四","学士","若知制诰衔，惟大学士与诸","可带。","37223","9"
"卷七十四","学士","正统后，","不能视诰敕，内阁悉委于中书、序班","37224","3"
"卷七十四","中书","后，学士不能视诰敕，内阁悉委于","、序班、译字等官，于是内阁又","37224","11"
"卷七十四","中书","供御笔劄者，初为内官职，继以","分直，后亦专举能书者。","37228","15"
"卷七十四","中书","不由科甲者，初授序班，及试","舍人，不得迁科道部属，后虽加衔九列","37230","8"
"卷七十四","中书","掌管文华殿","所写书籍、对联、扇柄等件","37590","3"
"卷七十五","六部","","侍郎，至弘治后始专设右。","37868","0"
"卷七十五","机务","尚书参赞","一人，右侍郎一人，司务一人。","37896","2"
"卷七十五","机务","按参赞","，自宣德八年黄福始。","37903","2"
"卷七十五","机务","二十三年，始奉敕谕，专以本部尚书参赞","，同内外守备官操练军马，抚恤人民","37904","11"
"卷七十五","学士","","一人，不常置，以翰林坊局官署职。","37940","0"
"卷七十五","九卿","四年成祖往北京，置行部尚书，备行在","印以从。","37995","15"
"卷七十五","六部","十八年，官属悉移而北，南京","所存惟礼、刑、工三部，各一侍郎","37998","6"
"卷七十五","六部","初置籓司，与","均重。","38111","5"
"卷七十六","机务","南京以守备及参赞","为要职。","38574","5"
"卷七十六","机务","参赞","，以南京兵部尚书领之。","38577","1"
"卷八十六","中书","崇祯十二年，崇明人沈廷扬为内阁","，复陈海运之便，且辑《海运书","43239","8"
"卷八十八","中书","」","舍人陆伯伦言：「常熟七浦塘东西百里，灌","44017","1"
"卷八十九","机务","宣德末，设参赞","官。","44731","5"
"卷八十九","机务","成化末，命南京兵部尚书参赞","，视五部特重。","44733","8"
"卷九十二","六部","六年，命中书省、大都督府、御史台、","议教练军士律：「骑卒必善驰射枪刀","45568","11"
"卷九十三","九卿","」于是下尚书白昂等会","议，增历年问刑条例经久可行者二百","46191","7"
"卷九十三","九卿","","执奏，乃不果改。","46193","0"
"卷九十四","九卿","二次番异不服，则具奏，会","鞫之，谓之圆审。","46589","8"
"卷九十四","六部","」继令五军都督府、","、都察院、六科、通政司、詹事府，间","46603","5"
"卷九十四","学士","仁宗特命内阁","会审重囚，可疑者再问。","46606","3"
"卷九十四","六部","彧、赵全德等与桓为奸利，自","左右侍郎下皆死，赃七百万，词连","46865","15"
"卷九十四","学士","」因召","杨士奇、杨荣、金幼孜至榻前，谕曰","46915","2"
"卷九十四","拟旨","大婚期近，命阁臣于三覆奏本，","免刑。","47053","24"
"卷九十七","六部","会试录》七十卷──右故事类，一百","，二千一百二十一卷。","47504","27"
"卷九十九","学士","《宋","文集》七十五卷，《銮坡前集》十卷","47597","2"
"卷九十九","学士","）解缙《","集》三十卷，《春雨集》十卷，","47607","3"
"卷一百〇九","机务","明太祖初壹海内，仍元制，设中书省，综理","。","47736","65"
"卷一百〇九","六部","行之壹纪，革中书省，归其政于","，遂设四辅官。","47738","6"
"卷一百〇九","机务","成祖简翰林官直文渊阁，参预","，有历升至大学士者。","47741","6"
"卷一百十一","六部","明太祖十三年罢丞相，政归","，部权重也。","47754","6"
"卷一百十一","机务","备官自孝宗始，其权位重者曰参赞","，宪宗后乃专属之兵部。","47763","10"
"卷一百十三","学士","","宋濂坐孙慎罪，逮至，论死，后谏","47837","0"
"卷一百十五","中书","胡廷端、廖永忠、李伯升兼同知詹事院事，","左、右丞赵庸、王溥兼副詹事","48862","41"
"卷一百十五","中书","、右丞赵庸、王溥兼副詹事，","参政杨宪兼詹事丞，傅𤩽兼詹事","48862","53"
"卷一百十五","九卿","","大臣许赞等谏。","49024","0"
"卷一百十七","学士","遇缙绅","，质难辨惑，移日不倦。","49991","2"
"卷一百十九","学士","百金，侍郎江渊、王一宁、萧镃，","商辂半之，用以缄其口，然犹未发也。","51286","21"
"卷一百二十三","学士","参军黄敬夫、蔡彦文、叶德新主谋议，元","陈基、右丞饶介典文章。","52127","26"
"卷一百二十四","中书","及貊高奏至，顺帝乃削扩廓太傅、","左丞相，令以河南王就食邑汝南，分其","52496","10"
"卷一百二十四","学士","凤山赵善璞隐深山，明玉珍聘为","，亦不就。","52714","8"
"卷一百二十五","中书","武臣，特进光禄大夫、左柱国、太傅、","右丞相参军国事，改封魏国公，岁禄五千石","52921","19"
"卷一百二十五","中书","功臣、开府仪同三司、上柱国、太保、","右丞相，追封开平王，谥忠武。","53147","14"
"卷一百二十六","中书","偕","舍人赵荣通问英宗于沙漠，脱脱不花问","53599","1"
"卷一百二十六","机务","府中","繁积，英年少明敏，剖决无滞。","53617","2"
"卷一百二十七","六部","寻奏定","官制，议官民丧服及朝贺东宫仪。","53931","1"
"卷一百二十七","中书","文臣、特进光禄大夫、左柱国、太师、","左丞相，封韩国公，岁禄四千石，","53936","16"
"卷一百二十七","中书","，擢谏官，迁行省都事，累进","右司郎中。","54002","14"
"卷一百二十七","中书","三年，李善长病，","无官，召广洋为左丞。","54008","5"
"卷一百二十七","中书","太平，帝追怒其在江西曲庇文正，在","不发杨宪奸，赐敕诛之。","54024","11"
"卷一百二十八","学士","三年授弘文馆","。","54151","3"
"卷一百二十八","学士","是年八月史成，除翰林院","。","54279","7"
"卷一百二十八","学士","六年七月迁侍讲","，知制诰，同修国史，兼赞善大夫","54308","4"
"卷一百二十八","学士","《楚辞》一章，命词臣赋《醉","诗》。","54335","11"
"卷一百二十八","学士","九年进","承旨知制诰，兼赞善如故。","54339","2"
"卷一百二十八","中书","洪武九年，以濂故，召为","舍人。","54363","8"
"卷一百二十九","中书","吴平，擢","左丞。","54816","3"
"卷一百三十","学士","」命","宋濂等为诗文美之，仍遣还镇。","54983","2"
"卷一百三十","学士","至上都大石崖，攻克刘","诸寨，驴儿国公奔漠北。","55320","7"
"卷一百三十一","中书","寻弃福通，归张士诚，为","左丞，守淮安。","55895","7"
"卷一百三十一","中书","进江淮行省","左丞。","56126","3"
"卷一百三十五","学士","洪武元年，擢翰林直","兼太常卿。","57733","6"
"卷一百三十五","学士","太祖为吴王，设翰林院，与安同召为","。","57755","10"
"卷一百三十六","学士","吴元年，初置翰林院，首召安为","。","57928","8"
"卷一百三十六","六部","洪武元年分建","官，拜用壬礼部尚书。","57974","3"
"卷一百三十六","学士","幼颖异，","虞集见之曰：「才子也。","57980","3"
"卷一百三十六","学士","还，进翰林直","，迁侍读学士。","57991","5"
"卷一百三十六","学士","六年兼","承旨，与学士乐韶凤定释奠先师乐章。","57998","2"
"卷一百三十六","学士","六年兼学士承旨，与","乐韶凤定释奠先师乐章。","57998","6"
"卷一百三十六","中书","同从孙希原，为","舍人，善大书。","58020","5"
"卷一百三十六","学士","吴元年，授侍讲","，知制诰，同修国史。","58029","4"
"卷一百三十六","学士","洪武九年，由员外郎进尚书，与","宋濂定诸王妃丧服之制。","58123","9"
"卷一百三十六","学士","淳安徐尊生尝曰：「南京有博","二人，以笔为舌者宋景濂，以舌为笔者","58224","8"
"卷一百三十六","学士","改侍讲","，与承旨詹同正释奠先师乐章，编集","58291","2"
"卷一百三十七","学士","未几，复为","。","58340","3"
"卷一百三十七","六部","多擅权，遂罢中书省，分其职于","。","58402","19"
"卷一百三十七","学士","三年置弘文馆，以复仁为","，与刘基同位。","58892","6"
"卷一百三十八","六部","","之设，始自洪武元年。","58953","0"
"卷一百三十八","六部","仿《唐六典》，自五府、","、都察院以下诸司设官分职，编集为书","58961","7"
"卷一百三十八","六部","","初属中书省，权轻，多仰承丞相意指。","58964","0"
"卷一百三十八","六部","明年设","，改为户部尚书。","59016","2"
"卷一百三十八","中书","进按察使，征为","左司郎中，佐李善长裁断。","59228","4"
"卷一百三十八","六部","赞曰：","之制仿于《周官》，所以佐王理邦国","59442","3"
"卷一百三十九","学士","过史馆，大呼曰：「","刘三吾志之：某年月日，皇帝杀无罪","59784","7"
"卷一百四十一","学士","明年迁侍讲","，国家大政事辄咨之。","60220","3"
"卷一百四十三","学士","","董伦、府尹向宝交荐之。","61084","0"
"卷一百四十三","中书","宋和、郭节，俱不知何许人，同官","。","61446","12"
"卷一百四十四","九卿","事下五府","科道议，仕隆言：「廷和功在社稷。","61770","2"
"卷一百四十七","机务","、杨荣、胡俨并直文渊阁，预","。","63008","19"
"卷一百四十七","机务","内阁预","自此始。","63009","2"
"卷一百四十七","学士","诏法司，录重囚必会三","，委寄益隆。","63223","5"
"卷一百四十七","学士","帝御西角门阅廷臣制诰，顾三","曰：「汝三人及蹇、夏二尚书，","63224","7"
"卷一百四十七","学士","洪熙元年进礼部尚书兼大学士、","如故，并给三俸。","63230","8"
"卷一百四十七","机务","永乐二年九月，拜国子监祭酒，遂不预","。","63266","10"
"卷一百四十七","六部","赞曰：明初罢丞相，分事权于","。","63285","10"
"卷一百四十七","机务","成祖始命儒臣直文渊阁，预","。","63286","6"
"卷一百四十八","机务","已，简入内阁，典","。","63307","6"
"卷一百四十八","学士","十九年改左春坊大学士，仍兼","。","63356","6"
"卷一百四十八","学士","望见士奇，谓二人曰：「新华盖","来，必有谠言，试共听之。","63360","11"
"卷一百四十八","学士","车驾亦时幸西苑万岁山，诸","皆从。","63478","8"
"卷一百四十八","机务","士奇首请练士卒，严边防，设南京参赞","大臣，分遣文武镇抚江西、湖广、河南","63500","10"
"卷一百四十八","学士","十八年进文渊阁大学士，兼","如故。","63592","6"
"卷一百四十八","学士","帝时称「杨","」，不名也。","63606","4"
"卷一百四十八","九卿","张璁、桂萼骤进，旦率","极言不可。","63675","6"
"卷一百四十八","机务","弘文阁罢，召溥入内阁，与杨士奇等共典","。","63707","13"
"卷一百四十八","学士","九年迁礼部尚书，","值内阁如故。","63709","5"
"卷一百四十八","机务","五年诏以本官入内阁，参预","，寻进礼部右侍郎。","63755","7"
"卷一百四十八","学士","赠尚书兼","。","63757","3"
"卷一百四十九","学士","帝征乐安，义、原吉及诸","皆从，预军中机务，赐鞍马甲胄","63833","7"
"卷一百四十九","机务","义、原吉及诸学士皆从，预军中","，赐鞍马甲胄弓剑。","63833","13"
"卷一百四十九","九卿","，帝北征，辅太孙留守北京，总行在","事。","63915","11"
"卷一百五十","六部","成祖在北京尝语左右曰：「","扈从臣，不贪者惟逵而已。","64227","8"
"卷一百五十一","学士","明年从北征，与","胡广、金幼孜、杨荣，侍郎金纯并与","64782","5"
"卷一百五十二","学士","成祖即位，擢","。","64885","4"
"卷一百五十二","机务","景帝时，以兵部右侍郎入阁预","。","65091","8"
"卷一百五十二","学士","海内宴安，天子雅意文章，每与诸","谈论文艺，赏花赋诗，礼接优渥。","65140","12"
"卷一百五十二","学士","尝谓英曰：「洪武中，","有宋濂、吴沈、朱善、刘三吾。","65141","8"
"卷一百五十二","学士","《宣宗实录》成，擢","，掌院事。","65172","7"
"卷一百五十二","六部","明年，","侍郎多阙，帝命吏部尚书王直会大臣推举","65180","2"
"卷一百五十二","学士","十一年迁南京侍讲","。","65201","4"
"卷一百五十二","学士","为","时，即院中后圃构清风亭，凿池莳","65237","1"
"卷一百五十二","学士","，人称其亭为「柯亭」，柏为「","柏」。","65237","26"
"卷一百五十二","学士","院中有井，","刘定之所浚也。","65238","3"
"卷一百五十四","学士","而群臣皆已从吉，惟辅与","杨士奇服如帝。","65814","9"
"卷一百五十四","机务","即位，加少保，参赞南京守备襄城伯李隆","。","65943","11"
"卷一百五十四","机务","留都文臣参","，自福始。","65944","4"
"卷一百五十七","六部","初，两京","堂官缺，帝命廷臣推方面官堪内任者。","67631","3"
"卷一百五十七","机务","起南京兵部尚书，参赞","。","67733","6"
"卷一百五十七","学士","子时𪽈，进士，累官侍讲","。","67867","8"
"卷一百五十七","机务","寻改兵部，参赞","。","67966","4"
"卷一百五十七","九卿","二十一年，星变，率","陈时弊二十事，皆极痛切。","67969","5"
"卷一百五十八","机务","五年命参赞南京","。","68295","4"
"卷一百五十八","机务","景泰元年，靖远伯王骥赞","，琦专理部事。","68303","5"
"卷一百五十八","学士","洪熙元年，侍讲","沈度荐讷经明行修，授监察御史。","68320","4"
"卷一百五十九","机务","十一年春命参赞","。","68936","3"
"卷一百五十九","学士","先是，所亲","江朝宗除服还朝，俸迓之九江","69164","3"
"卷一百六十","学士","三年二月，","江渊以为言，命部查理。","69452","3"
"卷一百六十一","学士","、鸿胪卿齐政，救修撰罗伦，","倪谦、钱溥。","70236","19"
"卷一百六十二","学士","」","陈循顿首曰：「俗士处远，不知上无书","70568","1"
"卷一百六十二","学士","量博","，隐于卜，敝屋数椽，或竟","70587","1"
"卷一百六十二","中书","观以善书为","舍人。","70731","3"
"卷一百六十三","学士","帝幸史馆，撒金钱赐诸","。","71140","7"
"卷一百六十三","学士","正统三年以《宣宗实录》成，进","，掌院事兼经筵官。","71143","10"
"卷一百六十三","学士","以","曹鼐等荐，与修撰王振教习庶吉士。","71245","1"
"卷一百六十三","学士","景帝立，进侍讲","，直经筵。","71246","4"
"卷一百六十三","中书","自辽东逮下诏狱，儒士孙伯坚等夤缘为","舍人。","71331","12"
"卷一百六十三","机务","帝用侍郎焦芳，乃改瀚南京兵部，参赞","。","71336","10"
"卷一百六十七","机务","杨荣、杨士奇荐，入直文渊阁，参预","。","73133","13"
"卷一百六十七","学士","十年进吏部左侍郎兼","。","73137","5"
"卷一百六十七","学士","景帝立，赠","，谥文僖。","73171","3"
"卷一百六十七","中书","俞拱、潘澄、钱昺，皆","舍人。","73351","8"
"卷一百六十八","学士","进侍讲","。","73473","2"
"卷一百六十八","学士","久之，进翰林院","。","73475","4"
"卷一百六十八","机务","九年入文渊阁，典","。","73476","5"
"卷一百六十八","学士","明年进户部右侍郎，兼","。","73480","6"
"卷一百六十八","学士","二年六月，","江渊上言法司断狱多枉。","73558","3"
"卷一百六十八","九卿","偕南","议上军民便宜九事。","73566","1"
"卷一百六十八","学士","淮还朝，改吏部尚书，兼翰林院","，直文渊阁。","73573","12"
"卷一百六十八","机务","其秋遂以本官兼翰林学士，入阁预","。","73626","8"
"卷一百六十八","学士","又明年二月改吏部，仍兼","。","73630","8"
"卷一百六十八","学士","初侍讲","倪谦遭丧，渊荐谦为讲官，谦遂夺哀。","73642","2"
"卷一百六十八","学士","英宗复位，进礼部左侍郎，兼翰林院","。","73676","9"
"卷一百六十八","学士","","吕原卒，帝问李贤谁可代者，曰：","73701","0"
"卷一百六十八","学士","七年二月进礼部右侍郎兼","，入内阁。","73704","6"
"卷一百六十八","机务","五年命兼翰林学士，入内阁参","。","73746","8"
"卷一百六十八","学士","","刘定之称为讲官第一，宪宗亦爱重之。","73837","0"
"卷一百六十八","机务","明年诏以本官兼翰林学士，入阁预","。","73838","8"
"卷一百六十八","中书","爱其聪敏，且拜起如礼，即命为","舍人。","73873","15"
"卷一百六十八","机务","与刘珝同受命，兼翰林学士，入阁预","。","73889","12"
"卷一百六十九","学士","正统十年由侍讲","进工部右侍郎，入内阁典机务。","74017","4"
"卷一百六十九","机务","由侍讲学士进工部右侍郎，入内阁典","。","74017","12"
"卷一百六十九","机务","谷屡请解","，不许。","74037","2"
"卷一百六十九","学士","进礼部侍郎，","如故。","74155","4"
"卷一百六十九","机务","陛下于","之暇，时召京营总督、总兵，询以方略","74226","2"
"卷一百七十","六部","御史顾𣉒言谦太专，请","大事同内阁奏行。","74445","6"
"卷一百七十一","机务","骥还，命总督南京","。","74689","6"
"卷一百七十一","中书","帝以转漕为急，工部尚书江渊等请遣","偕文武大臣督京军五万人往助役，期三月","74757","15"
"卷一百七十一","学士","即日命有贞兼","，入内阁，参预机务。","74794","3"
"卷一百七十一","机务","即日命有贞兼学士，入内阁，参预","。","74794","9"
"卷一百七十一","中书","舅萨琦，官翰林，从入都，以能书授","舍人。","74948","9"
"卷一百七十二","机务","改南京兵部，参赞","。","75670","5"
"卷一百七十二","机务","已，改南京兵部，参赞","。","75938","7"
"卷一百七十三","学士","登告","曹鼐、张益曰「车驾宜入紫荆关」，","76309","1"
"卷一百七十六","机务","兼翰林学士，入直文渊阁，与徐有贞同预","。","77700","14"
"卷一百七十六","学士","」进二人侍讲","，兼中允。","77838","4"
"卷一百七十六","机务","徐有贞、李贤下狱之明日，命入内阁预","。","77841","10"
"卷一百七十六","学士","其年冬，进翰林院","。","77854","5"
"卷一百七十六","学士","：「但官小耳，当与吏部左侍郎兼","。","77894","12"
"卷一百七十六","机务","明年，郕王监国，令同商辂入阁预","。","77983","10"
"卷一百七十六","学士","明日仍命入阁，兼翰林院","。","77996","6"
"卷一百七十六","学士","礼成，进吏部右侍郎，兼","，同知经筵。","78048","7"
"卷一百七十六","机务","监国，以陈循、高谷荐入内阁，参","。","78132","12"
"卷一百七十六","学士","景泰元年遣迎上皇于居庸，进","。","78135","8"
"卷一百七十六","九卿","」会","项忠等亦劾直，是日遂罢","78229","2"
"卷一百七十六","机务","夫人主当总揽威权，亲决","。","78327","6"
"卷一百七十七","中书","乃迁右通政，假礼部侍郎，与","舍人赵荣偕。","78896","9"
"卷一百七十七","中书","犯人徐南与子","舍人颐，俱坐王振党当斩，乃论","78977","4"
"卷一百七十七","学士","四年春，","商辂言聪敢言，不宜置之散地，乃复","78982","3"
"卷一百七十七","六部","赞曰：天顺、成化间，","最称得人。","79129","8"
"卷一百七十八","九卿","会大学士商辂等劾直，忠亦倡","劾之。","79262","8"
"卷一百七十八","学士","宪宗立，坐","钱溥累，贬浙江左参政。","79312","4"
"卷一百七十九","学士","明年以","商辂言召复原职，改南京。","79765","2"
"卷一百七十九","中书","智既慷慨负奇，其时御史汤鼐、","舍人吉人、进士李文祥亦并负意气","79950","9"
"卷一百七十九","学士","及张璁、桂萼、方献夫骤擢","，芬及同官杨维聪、编修王思羞与同列","80050","7"
"卷一百八十","学士","帝从","商辂请，改元后建言罢官者悉录用","80207","1"
"卷一百八十","学士","方升、张进禄上疏请斥奸邪，痛诋","商辂、尚书程信、姚夔、马昂。","80338","25"
"卷一百八十","九卿","方星变求言时，","各条奏数事，率有所避，无甚激切","80529","3"
"卷一百八十","中书","成化末进士，为","舍人。","80610","5"
"卷一百八十","学士","历诋太监萧敬，内阁万安、刘吉，","尹直，侍郎黄景、刘宣，都御史刘敷，","80734","10"
"卷一百八十","九卿","郎中储雚亦谏，滽等复率","救之。","80850","11"
"卷一百八十一","学士","宪宗初，擢左庶子，再迁太常卿兼","。","81071","10"
"卷一百八十一","机务","孝宗嗣位，兼文渊阁大学士，参预","。","81073","8"
"卷一百八十一","学士","国家设文渊阁，命","居之，诚欲其谟谋政事，讲论经史，","81094","5"
"卷一百八十一","学士","与修《英宗实录》，进侍讲","。","81157","9"
"卷一百八十一","学士","《续通鉴纲目》成，擢","，迁国子祭酒。","81158","7"
"卷一百八十一","机务","，加太子太保，寻命兼文渊阁大学士参预","。","81166","14"
"卷一百八十一","机务","，进礼部右侍郎兼翰林学士，入内阁参预","。","81210","12"
"卷一百八十一","拟旨","健等","，上不从，令再拟。","81295","1"
"卷一百八十一","九卿","明日，韩文倡","伏阙固争，健逆谓曰：「事且济","81373","4"
"卷一百八十一","中书","第致束帛、饩羊、上尊，官其孙成学","舍人。","81382","17"
"卷一百八十一","学士","进少詹事兼侍讲","。","81404","5"
"卷一百八十一","机务","八年诏同李东阳入内阁参预","。","81405","6"
"卷一百八十一","拟旨","迁乘间言之，帝令","禁约。","81417","6"
"卷一百八十一","学士","累迁侍讲","，充东宫讲官。","81462","3"
"卷一百八十一","学士","宪宗实录》成，由左庶子兼侍讲","，进太常少卿，兼官如故。","81463","14"
"卷一百八十一","机务","八年以本官直文渊阁参预","，与谢迁同日登用。","81469","5"
"卷一百八十一","学士","弘治初，迁侍讲","，充讲官。","81584","5"
"卷一百八十一","学士","瑾迫公论，命以本官兼","与芳同入内阁。","81609","7"
"卷一百八十一","中书","帝优诏报闻，官一子","舍人。","81635","5"
"卷一百八十一","学士","武宗即位，以宫寮擢","，掌翰林院，仍直经筵。","81649","6"
"卷一百八十一","机务","瑾诛，以本官兼文渊阁大学士，入阁预","。","81668","10"
"卷一百八十二","机务","罢，遂改恕掌南京都察院，参赞守备","。","81733","19"
"卷一百八十二","中书","文华殿","舍人杜昌等夤缘迁秩，御医王玉自陈","81838","2"
"卷一百八十三","九卿","经倡","疏争，卒罪献地者。","82430","1"
"卷一百八十三","六部","祖训","毋相压，兵部侵户部权，非祖训。","82491","1"
"卷一百八十三","机务","逾年，孝宗嗣位，转南京兵部参赞","。","82535","10"
"卷一百八十三","机务","寻改岳南京兵部参赞","。","82588","5"
"卷一百八十三","九卿","及刘瑾用事，","伏阙固谏，韩文被斥，珪复连章乞休","82693","4"
"卷一百八十四","学士","进","。","82769","1"
"卷一百八十四","学士","寻进侍讲","，同修《宋元通鉴纲目》。","82806","3"
"卷一百八十四","学士","宪宗实录》，直经筵，再迁侍讲","。","82870","15"
"卷一百八十四","学士","掌院事，言：「臣与掌詹事府","王鏊，俱当听部考察。","82874","13"
"卷一百八十四","学士","我朝优假","，庆成侍宴，班四品上，车驾临","82877","2"
"卷一百八十四","学士","今四品不与考察，则","亦不应与。","82878","7"
"卷一百八十四","学士","","不与考察，自守阯始。","82881","0"
"卷一百八十四","学士","其为解元、","、侍郎，皆与兄同。","82891","3"
"卷一百八十四","学士","《实录》成，迁南京侍讲","，以养母归。","82956","8"
"卷一百八十四","学士","至则进","，充经筵日讲官，帝甚倾向。","82958","3"
"卷一百八十四","学士","以故官兼","，改掌詹事府。","82963","3"
"卷一百八十四","学士","武宗立，擢吏部左侍郎兼","入东阁，专典诰敕。","82968","6"
"卷一百八十四","学士","寻命兼","入东阁，专典诰敕，兼掌詹事府事。","83011","2"
"卷一百八十四","中书","授长子奭","舍人，补次子奂国子生，异数也。","83079","3"
"卷一百八十四","中书","抚、按以为言，诏荫其子","舍人。","83125","8"
"卷一百八十四","学士","改庶吉士，授编修，历侍讲","，掌南京翰林院。","83170","8"
"卷一百八十四","九卿","大礼议起，瑞偕","合疏。","83233","5"
"卷一百八十五","机务","九年复改兵部，参赞","。","83391","5"
"卷一百八十五","学士","生有异姿，","曹鼐奇之，妻以女。","83511","3"
"卷一百八十六","九卿","明日，文倡","科道再诣阙固争。","83872","3"
"卷一百八十六","九卿","」文遂偕","伏阙论「八党」。","84031","3"
"卷一百八十六","机务","今陛下于兵刑财赋之区，","根本之地，悉以委之。","84053","7"
"卷一百八十六","学士","嘉靖初，起南京通政参议，改侍讲","，直经筵，迁太常卿掌国子监。","84172","10"
"卷一百八十六","六部","诏许","历事监生发廷臣奸弊。","84208","1"
"卷一百八十六","机务","诏以本官兼文渊阁大学士参预","。","84241","6"
"卷一百八十七","机务","正德二年拜南京兵部尚书参赞","。","84733","7"
"卷一百八十七","拟旨","内阁","上，并予之。","84975","1"
"卷一百八十八","九卿","又偕","请诛刘瑾。","85385","2"
"卷一百八十八","机务","恤困诸大政，备录进览，凡裁决","悉以为准。","85437","36"
"卷一百八十八","九卿","」已，又论两广镇监韦经，又偕","伏阙请诛「八党」。","85705","10"
"卷一百八十九","六部","上封事，略曰：祖宗设内阁、","，赞万几，理庶务，职至重也。","86261","16"
"卷一百八十九","机务","宫壶之孕祥，尚可以早图；","之繁重，未可以尽委。","86615","7"
"卷一百九十","机务","三月召还，进兼文渊阁大学士，参预","。","86847","11"
"卷一百九十","中书","少傅兼太子太傅、谨身殿大学士，予一子","舍人。","86857","25"
"卷一百九十","学士","已，又用","陈霁言，调诸边兵讨河南贼赵𬭼等","86862","4"
"卷一百九十","九卿","特赐敕旌异，锡宴于礼部，","皆与焉。","87027","8"
"卷一百九十","机务","诛，以吏部尚书兼文渊阁大学士，入参","。","87073","11"
"卷一百九十","机务","十一年命兼文渊阁大学士，预","。","87164","7"
"卷一百九十","学士","《孝宗实录》成，擢侍讲","，为讲官。","87224","9"
"卷一百九十","学士","正德五年进","，迁户部右侍郎。","87225","3"
"卷一百九十","机务","十二年兼东阁大学士入预","。","87239","4"
"卷一百九十","机务","三年五月，诏以吏部尚书兼文渊阁大学士入参","。","87296","10"
"卷一百九十一","学士","服阕还朝，进侍讲","。","87386","6"
"卷一百九十一","学士","再迁","，掌院事，历礼部侍郎。","87387","1"
"卷一百九十一","九卿","封还御批，澄抗疏力争，又偕","乔宇等合谏，帝皆不允。","87494","13"
"卷一百九十一","学士","进侍讲","，历国子祭酒、太常卿。","87603","2"
"卷一百九十一","九卿","孟春偕","秦金等具疏，略曰：「伊尹谓『","87770","2"
"卷一百九十一","六部","其时詹事、翰林、给事、御史及","诸司、大理、行人诸臣各具疏争，并","87777","10"
"卷一百九十一","九卿","于是","则尚书献民及秦金、赵鉴、赵璜、俞琳","87782","1"
"卷一百九十一","学士","二十有三人；翰林则掌詹事府侍郎贾咏，","丰熙，侍讲张璧，修撰舒芬、杨维","87782","73"
"卷一百九十一","学士","及召张璁、桂萼为","，方献夫为侍读学士，熙昌言于朝曰","87819","5"
"卷一百九十一","学士","张璁、桂萼既擢","，侍劾二人越礼背经。","87992","5"
"卷一百九十二","学士","逾月，又偕","丰熙等疏谏。","88035","5"
"卷一百九十二","学士","时张璁、桂萼、方献夫为","，思羞与同列，疏乞罢归。","88136","7"
"卷一百九十二","学士","正，翀等陷义罔忠，而进璁、萼","。","88233","20"
"卷一百九十二","学士","后府经历俞敬奏言：「","丰熙等皆以冒触宸严，系狱拷讯","88653","5"
"卷一百九十三","机务","明年冬十二月，命宏兼文渊阁大学士参预","。","88691","9"
"卷一百九十三","机务","和诗集，署其衔曰「内阁掌参","辅导首臣」。","88745","19"
"卷一百九十三","学士","帝不许，命銮以吏部左侍郎兼","入直文渊阁。","88804","7"
"卷一百九十三","学士","寻赐银章曰「清谨","。","88805","5"
"卷一百九十三","机务","其秋，桂萼卒，命时兼文渊阁大学士入参","。","88868","10"
"卷一百九十三","九卿","风·七月》诗，武定侯郭勋及","翰林俱入侍。","88872","24"
"卷一百九十三","机务","十七年八月，以本官兼文渊阁大学士入参","。","88925","8"
"卷一百九十三","学士","礼部左、右侍郎，改吏部，皆兼","，仍直西苑。","88947","13"
"卷一百九十三","机务","四十四年，袁炜罢，命兼武英殿大学士入参","。","88958","9"
"卷一百九十三","学士","帝大喜，立擢炜侍讲","。","88980","6"
"卷一百九十三","学士","明年，加太子宾客兼","，赐一品服。","88982","6"
"卷一百九十三","机务","其冬，遂命以户部尚书兼武英殿大学士入阁典","。","88996","10"
"卷一百九十三","学士","与阶同总裁《承天大志》，诸","呈稿，炜窜改殆尽，不以让阶。","89011","10"
"卷一百九十三","学士","诸","不平，阶第曰任之而已。","89012","1"
"卷一百九十三","学士","寻迁太常少卿，拜礼部右侍郎，俱兼","，直西苑如故。","89019","10"
"卷一百九十三","机务","四十四年命兼武英殿大学士，与讷并参","。","89026","9"
"卷一百九十三","学士","春芳自","至柄政，凡六迁，未尝一由廷推。","89028","2"
"卷一百九十三","机务","春，擢礼部尚书兼文渊阁大学士，入参","。","89091","12"
"卷一百九十三","机务","三年秋，命兼文渊阁大学士参预","。","89155","8"
"卷一百九十三","学士","历侍讲","，掌南京翰林院。","89257","2"
"卷一百九十四","机务","久之，改兵部，参赞","。","89310","6"
"卷一百九十四","九卿","特旨用席书为礼部尚书，宇又偕","言：「陛下罢汪俊，用席书；谪","89360","10"
"卷一百九十四","学士","会璁、萼至京，诏皆用为","。","89366","8"
"卷一百九十四","学士","况","最清华，而俾萼等居之，","89369","1"
"卷一百九十四","拟旨","比内阁","辄中改，至疏请，徒答温语","89664","2"
"卷一百九十四","九卿","比来事涉戚畹、宦寺，虽","执奏，科道交章，皆曰『业经有旨』","89666","8"
"卷一百九十四","机务","左、右侍郎，迁南京兵部尚书，参赞","。","90019","12"
"卷一百九十五","学士","弘治中，累官","、少詹事。","90067","4"
"卷一百九十六","学士","以传奉为","，累圣德不少。","90460","3"
"卷一百九十六","机务","冬，遂拜礼部尚书兼文渊阁大学士入参","，去释褐六年耳。","90503","11"
"卷一百九十六","学士","璁初拜","，诸翰林耻之，不与并列。","90507","3"
"卷一百九十六","拟旨","敬言：「良弼以滥举京营官夺俸，由臣","，挟私报复。","90545","17"
"卷一百九十六","拟旨","敬强辨饰奸，言官论列辄文致其罪，","不密，引以自归，明示中外，若天子","90546","14"
"卷一百九十六","学士","故事，尚书无兼","者，自萼始。","90676","5"
"卷一百九十六","机务","八年二月命以本官兼武英殿大学士入参","。","90688","7"
"卷一百九十六","机务","明年四月还朝，尽复所夺官，仍参","。","90718","9"
"卷一百九十六","学士","即用为翰林学士，而用献夫为侍讲","。","90789","19"
"卷一百九十六","学士","其年九月拜礼部右侍郎，仍兼","，直经筵日讲。","90804","8"
"卷一百九十六","机务","闰十二月遂兼武英殿大学士入参","。","90968","6"
"卷一百九十六","拟旨","王学益、山东巡抚何鳌为言官论劾，辄","逮讯。","91080","12"
"卷一百九十七","机务","杨廷和方柄政，韬上言：「阁臣职参","，今止票拟，而裁决归近习。","91291","10"
"卷一百九十七","学士","明年擢少詹事兼侍讲","。","91364","6"
"卷一百九十七","中书","中书为门吏，故翰林迁擢不由吏部，而","至有进秩尚书者。","91372","40"
"卷一百九十七","学士","议未即行，躬自蹈之，而又躐居","徐缙上，何愧如之。","91374","17"
"卷一百九十七","机务","乃召为南京礼部尚书，改兵部，参赞","。","91513","17"
"卷一百九十七","学士","，遂用绾为少詹事兼侍讲","，直经筵。","91591","25"
"卷一百九十八","机务","大学士杨廷和忧去，命一清兼武英殿大学士入参","。","91792","8"
"卷二百","机务","旋进南京右都御史，就改兵部尚书参赞","。","93752","9"
"卷二百〇一","机务","久之，就改兵部，参赞","。","94115","7"
"卷二百〇一","机务","复改兵部，参赞","。","94181","4"
"卷二百〇一","机务","拜南京右都御史，进兵部尚书，参赞","。","94231","9"
"卷二百〇一","机务","寻改兵部，参赞","。","94315","4"
"卷二百〇二","机务","调兵部，参赞","。","94361","4"
"卷二百〇二","机务","改兵部，参赞","。","94589","4"
"卷二百〇二","九卿","","翰林官揖四司，当罢。","94982","0"
"卷二百〇二","机务","迁南京兵部尚书，参赞","。","95039","6"
"卷二百〇三","九卿","初，偕","争兴献帝不宜称皇，及帝欲考献帝，","95206","3"
"卷二百〇五","拟旨","有言顺之欲远璁者，璁发怒，","以吏部主事罢归，永不复叙。","97090","10"
"卷二百〇六","学士","刘瑾以沐不附己，用牙侩同寅讦","张芮事波及沐，谪武义知县。","97237","8"
"卷二百〇六","九卿","","及锦衣卫廷讯，应骢对曰：「某所持者","97609","0"
"卷二百〇六","拟旨","，大臣为权宜计，常朝奏事，先日","，其余政事具疏封进，沿袭至今。","97719","13"
"卷二百〇六","拟旨","孚敬益怒，","切责，令吏部再考。","97910","4"
"卷二百〇七","拟旨","","间出于中人，奸谀渐幸于左右。","97963","0"
"卷二百〇七","九卿","既罢，下五府","议。","98112","4"
"卷二百〇七","九卿","凡人才之用舍，政事之敷施，始以","之详度，继以内阁之咨谋，其弗协于中者","98194","9"
"卷二百〇七","中书","由","舍人为南京御史。","98429","1"
"卷二百〇八","学士","，左迁则吏部侍郎何孟春一人，谪戍则","丰熙等八人，杖毙则编修王思等","98985","21"
"卷二百〇八","九卿","官吕应祥、任万里乞如会推故事，集内阁","公举。","99207","12"
"卷二百〇九","中书","郎中徐学诗劾嵩革任矣，复欲斥其兄","舍人应丰。","100064","8"
"卷二百一十","九卿","御史刘台劾大学士张居正，居正乞罢，维柏倡","留之。","100394","10"
"卷二百一十","中书","初，学诗族兄应丰以善书擢","舍人，供事无逸殿，悉嵩所为。","100437","7"
"卷二百一十","拟旨","，自以予夺由宸断，题覆在诸司，阁臣","取裁而已。","100613","16"
"卷二百一十","中书","子为侍郎，孙为锦衣、","，宾客满朝班，亲姻尽朱紫。","100742","6"
"卷二百一十","中书","者不下百十余人，而其子锦衣严鹄、","严鸿、家人严年、幕客中书罗龙文为甚","100842","17"
"卷二百一十","中书","锦衣严鹄、中书严鸿、家人严年、幕客","罗龙文为甚。","100842","24"
"卷二百十三","学士","命兼翰林院","，教习庶吉士。","102471","3"
"卷二百十三","机务","未几，加少保，寻进兼文渊阁大学士，参预","。","102511","10"
"卷二百十三","中书","满六载，兼食大学士俸，再录子为","舍人，加少傅。","102521","10"
"卷二百十三","中书","以阶忠，进少师，兼支尚书俸，予一子","舍人。","102550","9"
"卷二百十三","九卿","","以下交章劾拱誉阶，拱遂引疾归。","102621","0"
"卷二百十三","学士","累迁侍讲","。","102673","3"
"卷二百十三","学士","寻改吏部，兼","，掌詹事府事。","102677","4"
"卷二百十三","拟旨","阶于拱辩疏，","慰留，而不甚谴言者。","102702","4"
"卷二百十三","拟旨","给事中雒遒、程文合疏攻保，而己从中","逐之。","102780","12"
"卷二百十三","机务","四十五年，兼武英殿大学士，入预","，与高拱并命。","102811","6"
"卷二百十三","学士","寻迁右谕德兼侍读，进侍讲","，领院事。","102845","9"
"卷二百十三","学士","寻迁礼部右侍郎兼翰林院","。","102848","5"
"卷二百十三","学士","尚书兼武英殿大学士，加少保兼太子太保，去","五品仅岁余。","102850","19"
"卷二百十三","九卿","居正最后入，独引相体，倨见","，无所延纳。","102852","8"
"卷二百十三","六部","以悦保，而徐说保裁抑其党，毋与","事。","102898","17"
"卷二百十三","中书","帝授同敞","舍人，而下部议敬修事。","103072","2"
"卷二百十五","拟旨","以应嘉实佐察，初未言，今党同官妄奏，","斥为民。","103658","16"
"卷二百十五","拟旨","臣愿陛下躬揽大权，凡庶府建白，阁臣","，特留清览，时出独断，则臣下莫能","104011","10"
"卷二百十六","学士","用总校《永乐大典》劳，兼翰林院","，支二品俸，侍经筵，修《","104153","10"
"卷二百十六","学士","","曾朝节尝过其里，蓬蒿满径。","104311","0"
"卷二百十六","九卿","乃皇上不下其奏于","，而谓一切朝政皆亲裁，以奸珰为","104664","4"
"卷二百十六","九卿","乞将涟疏发","科道从公究问，即不加刘瑾之诛，而以处","104677","4"
"卷二百十六","拟旨","疏出希孟手，体仁遂借冒籍事修隙，","覆试，黜两生下所司，论考官罪","104771","17"
"卷二百十六","中书","体仁令","官检穆宗总记示士柔，士柔具揭争之曰","104793","1"
"卷二百十六","中书","故事，赠官诰，属诰敕","职掌。","104810","8"
"卷二百十六","中书","诸忠臣，翰林能文者或为之，而","以为侵官。","104811","14"
"卷二百十六","中书","","黄应恩告至发诰语违禁，至发喜，劾","104814","0"
"卷二百十六","中书","赠诰专属","，崇祯三年所申饬，未有追咎元年之","104817","3"
"卷二百十七","学士","再迁侍讲","。","104886","3"
"卷二百十七","机务","甫逾月，命以左侍郎兼东阁大学士，入预","。","104888","10"
"卷二百十七","学士","累迁侍讲","，擢詹事，掌翰林院。","104986","3"
"卷二百十七","机务","王锡爵谢政，遂命于陛兼东阁大学士，入参","。","105006","14"
"卷二百十七","学士","明年秋，擢侍讲","，再迁礼部右侍郎。","105044","6"
"卷二百十七","机务","阁臣，诏鲤以故官兼东阁大学士，入参","，与朱赓并命。","105103","11"
"卷二百十七","学士","由侍讲","擢礼部右侍郎。","105199","2"
"卷二百十七","机务","诏加太子少保兼东阁大学士，入参","。","105230","7"
"卷二百十七","机务","帝雅重廷机，命以礼部尚书兼东阁大学士，入参","。","105275","10"
"卷二百十七","机务","服阕，即家拜礼部尚书兼东阁大学士，预","，与方从哲并命。","105319","10"
"卷二百十八","机务","，请广阁臣，遂以左侍郎兼东阁大学士入预","。","105367","17"
"卷二百十八","中书","","黄正宾复论时行排陷同官，巧避首事之罪。","105438","0"
"卷二百十八","九卿","居正甫归治丧，","急请召还，锡爵独不署名。","105464","5"
"卷二百十八","机务","，即家拜礼部尚书兼文渊阁大学士，参","。","105467","12"
"卷二百十八","机务","以尚书兼东阁大学士，与陈于陛同入阁预","，命行人即家起焉。","105582","12"
"卷二百十八","九卿","是夕，阁臣","俱直宿朝房。","105636","4"
"卷二百十八","六部","","堂上官仅四五人，都御史数年空署，督抚","105731","0"
"卷二百十八","九卿","外廷忧危，从哲偕","台谏诣思善门问安。","105777","5"
"卷二百十八","九卿","给事中魏大中以","议久稽，趣之上。","105853","3"
"卷二百十八","九卿","从哲与臣等","未能止，均有罪，乃反赉可灼。","105860","4"
"卷二百十九","机务","与善，遂以礼部尚书兼东阁大学士入赞","。","105964","23"
"卷二百十九","拟旨","初，四维曲事居正，积不能堪，","不尽如居正意，居正亦渐恶之。","105970","10"
"卷二百十九","机务","太子太保兼文渊阁大学士，与时行并参","。","106026","12"
"卷二百十九","机务","十一年四月以礼部尚书兼东阁大学士入参","。","106042","8"
"卷二百十九","机务","遂进礼部尚书兼东阁大学士，入参","。","106093","8"
"卷二百十九","机务","诏赓以故官兼东阁大学士参预","，遣行人召之。","106224","6"
"卷二百二十","机务","寻改兵部，参赞","。","106487","4"
"卷二百二十","机务","擢南京吏部尚书，就改兵部，参赞","。","106633","10"
"卷二百二十","九卿","世卿又请正潘相罪，且偕","数陈其害，皆不纳。","106899","8"
"卷二百二十一","机务","顷之，就拜兵部尚书，参赞","。","107114","8"
"卷二百二十一","学士","定向疏鹏六罪，因言鹏婿","董份总裁会试，私鹏子绍，宜并斥。","107145","4"
"卷二百二十一","机务","就改兵部，参赞","。","107356","5"
"卷二百二十二","中书","天启初，谳","汪文言，颇为之左右。","107983","3"
"卷二百二十四","拟旨","大学士申时行遂","切责，斥元标南京。","109007","3"
"卷二百二十四","中书","时殿阁","无不以赀进者，时行独争一录事。","109010","2"
"卷二百二十四","机务","历南京吏部尚书，寻改兵部，参赞","。","109127","9"
"卷二百二十四","九卿","建议大僚缺，","各举一人，类奏以听上裁，用杜","109135","3"
"卷二百二十四","九卿","自是吏部权又渐散之","矣。","109139","7"
"卷二百二十四","九卿","丕扬犹在告，偕","力谏，弗纳。","109353","7"
"卷二百二十五","九卿","辅政，虽不敢挠部权，然大僚缺人，","及科道掌印者咸得自举听上裁，而吏部","109762","18"
"卷二百二十五","九卿","自举听上裁，而吏部诸曹郎亦由","推举，尚书不得自择其属，在外府佐及州","109762","33"
"卷二百二十五","中书","编修刘纲、","舍人丁元荐、南京评事龙起雷尝以言事忤当路，","109765","3"
"卷二百二十五","九卿","及矿税害剧，戴率","言：「陈增开矿山东，知县吴宗尧","109767","5"
"卷二百二十五","九卿","自是请起废者再，率","乞停矿税者四，皆不省。","109797","7"
"卷二百二十五","中书","比考选科道，","舍人张光房，知县赵运昌、张廷拱、旷鸣","109915","4"
"卷二百二十六","中书","，赠太子少保，谥文毅，官其子","舍人。","110521","15"
"卷二百二十九","机务","文皇帝始置内阁，参预","。","111499","6"
"卷二百二十九","六部","","隐蔽，则科臣纠之。","111536","0"
"卷二百二十九","学士","","王锡爵乃会词臣数十人，求解于居正，","111724","0"
"卷二百二十九","中书","中行气息已绝，","舍人秦柱挟医至，投药一匕，乃苏","111730","4"
"卷二百二十九","学士","久之，起侍讲","，掌南京翰林院。","111743","4"
"卷二百三十","中书","四十二年冬，考选科道，","舍人张光房、知县赵运昌、张廷拱、旷鸣","112361","6"
"卷二百三十一","九卿","妄奏，夺三人冠带，还家省愆，且令","约束办事进士，毋妄言时政。","112574","23"
"卷二百三十一","拟旨","内阁代言","，本顾问之遗，遇有章奏，阁臣","112635","2"
"卷二百三十一","六部","陛下更置辅臣，与天下更始，政事归","，公论付言官，天下方欣欣望治，","112849","10"
"卷二百三十一","六部","曩太祖罢中书省，分设","，恐其专也；而官各有职，不相","112850","6"
"卷二百三十一","六部","臣窃谓政权分之","，不可以为专。","112857","4"
"卷二百三十一","六部","惟","不专，则必有专之者。","112858","1"
"卷二百三十三","中书","为副将，弟素儒为锦衣，叔父人瑞为","，受赇行私，请罢斥。","113437","18"
"卷二百三十三","中书","","舍人黄正宾复抗疏力诋时行。","113516","0"
"卷二百三十四","九卿","","、给事、御史交章论救，且请纳","113998","0"
"卷二百三十四","九卿","大学士赵志臯、陈于陛、沈一贯及","各疏争，尚书石星请罢职以宽诸臣，","114263","10"
"卷二百三十四","九卿","不听部疏之救，改杂职而为编氓，则","何颜？","114299","9"
"卷二百三十四","九卿","陛下何不召","、台谏面议得失，见兔顾犬，未为晚也","114366","3"
"卷二百三十四","九卿","宪祥言","俱旷，甚伤国体。","114494","1"
"卷二百三十五","拟旨","：「从来传奉职造，具题者内臣，","者阁臣，抄发者科臣。","114687","16"
"卷二百三十五","拟旨","中外章奏，宜下部臣议覆，阁臣","，脱有不当，台谏得纠驳之。","114772","9"
"卷二百三十六","九卿","","强半虚悬，甚者阖署无一人。","115387","0"
"卷二百三十六","九卿","正春乃会","赵焕及都给事中翁宪祥、御史余懋衡等六十三人议","115490","1"
"卷二百三十六","中书","家居八年，始谒选为","舍人。","115552","5"
"卷二百三十六","中书","时嘉遇及工部主事钟惺、","舍人尹嘉宾、行人魏光国皆以才名","115688","6"
"卷二百四十","九卿","臣与","所见皆同，敢以闻。","117398","2"
"卷二百四十","九卿","向高又言：「自阁臣至","台省，曹署皆空，南都九卿亦","117439","9"
"卷二百四十","九卿","至九卿台省，曹署皆空，南都","亦止存其二。","117439","18"
"卷二百四十","拟旨","及是，向高坚卧益久，即家","如前，论者以为非体，向高亦自言其非","117450","9"
"卷二百四十","机务","光宗即位，擢礼部尚书兼东阁大学士，参预","，偕何宗彦、韩爌并命。","117563","10"
"卷二百四十","拟旨","疏外不由通政司，内不由会极门，例不当","，谨封还原疏。","117630","16"
"卷二百四十","机务","光宗嗣位，拜礼部尚书兼东阁大学士，入参","。","117683","14"
"卷二百四十","中书","明年正月，","舍人加尚宝卿原抱奇故由输赀进，亦","117824","3"
"卷二百四十","机务","，特旨拜礼部尚书兼东阁大学士，入阁参","。","117877","15"
"卷二百四十","中书","」乃加少傅，赐银币，荫子","舍人，遣行人送归，月廪、","117910","8"
"卷二百四十","机务","十月，命以东阁大学士入参","。","117993","5"
"卷二百四十一","九卿","宫，帝意复变，乃先戮差，令","三法司会讯保、成于文华门。","118128","12"
"卷二百四十一","九卿","","即公疏请移，言官继之，从哲始具","118179","0"
"卷二百四十一","机务","，起南京吏部尚书，改兵部，参赞","。","118415","12"
"卷二百四十一","机务","寻拜南京兵部尚书，参赞","。","118500","6"
"卷二百四十一","九卿","道亨愤，偕","上言：「高皇帝定令，内臣止供","118502","4"
"卷二百四十二","中书","边臣失律者宜重按，部郎田大年、贺盛瑞，","舍人丁元荐以忤权要废，当雪，疏留","118542","16"
"卷二百四十二","拟旨","而是时，尚宾亦上疏极言：「比来","不由内阁，托以亲裁。","118702","10"
"卷二百四十二","拟旨","既又陈时政四事，言：「","必由内阁。","118791","9"
"卷二百四十三","拟旨","大学士方从哲","令引疾归，赉以金币。","119208","2"
"卷二百四十三","九卿","说者谓二竖早以金宝输从哲家，若非","、台谏力请移宫，选侍一日得志，陛下","119225","10"
"卷二百四十三","九卿","并进封移宫事，当日","、台谏官亲见者，当据实会奏，","119236","5"
"卷二百四十四","中书","汝曹不令宰相知，将毋有他志，速下","行法。","119435","17"
"卷二百四十四","九卿","」出皇极门，","科道议上公疏，未决。","119508","3"
"卷二百四十四","中书","今日荫","，明日荫锦衣。","119603","2"
"卷二百四十四","拟旨","，以佥都御史王德完言，大学士韩爌遽","减死。","119775","15"
"卷二百四十四","中书","大学士叶向高用为内阁","，大中及韩爌、赵南星、杨涟","119805","5"
"卷二百四十四","九卿","乞缚凶犯于文华殿前朝审，或敕","科道三法司会问。","120026","10"
"卷二百四十五","学士","既而京察，廷元辈复思中之，","刘一燝力持乃免。","120185","8"
"卷二百四十五","中书","由国子监生授内阁","舍人。","120615","4"
"卷二百四十八","六部","八年起故官，上言：「","之政筦于尚书，诸司之务握之正郎，","121803","8"
"卷二百四十八","九卿","且","、台谏止选郎传语，有唯诺，无翻异","121806","1"
"卷二百五十","学士","撄党人忌，将以大计出诸外，","刘一景保持，乃得免。","122711","9"
"卷二百五十","中书","、杜应芳缮甲仗，司务孙元化筑砲台，","舍人宋献、羽林经历程仑主市马，广宁","122779","37"
"卷二百五十","拟旨","帝亦为心动，令内阁","。","122854","5"
"卷二百五十","中书","太师、中极殿大学士，遂加特进光禄大夫，荫子","舍人，赐蟒服、银币，行人护归。","122869","17"
"卷二百五十","中书","特遣","赍手诏慰问，乃起视事。","122962","1"
"卷二百五十一","机务","庄烈帝即位，拜礼部尚书兼东阁大学士，参预","，遣行人召之。","123061","10"
"卷二百五十一","中书","：「稿具兵部，送辅臣裁定，乃令","缮写。","123091","13"
"卷二百五十一","拟旨","」促令","。","123104","2"
"卷二百五十一","机务","六年九月，召拜礼部尚书兼东阁大学士，参预","。","123209","10"
"卷二百五十一","拟旨","士升恶之，","下刑部提问，帝不许，同官温体仁遂","123217","3"
"卷二百五十一","中书","赠太保，谥文贞，荫一子","舍人。","123356","8"
"卷二百五十一","机务","五年五月，以本官兼东阁大学士，入参","，与郑以伟并命。","123389","8"
"卷二百五十一","拟旨","有「何况」二字，误以为人名也，","提问，帝驳改始悟。","123406","13"
"卷二百五十一","中书","诏令有司刊布，加赠太保，其孙为","舍人。","123422","9"
"卷二百五十一","六部","请按祖宗制，唱","六科，则六部六科以次白事，纠弹敷奏","123432","6"
"卷二百五十一","六部","请按祖宗制，唱六部六科，则","六科以次白事，纠弹敷奏，陛下与辅弼","123432","10"
"卷二百五十一","中书","则抑吏科都给事中陈良训，考选则摈","舍人陈士奇、潘有功是也。","123467","11"
"卷二百五十一","九卿","」十四年春，杨嗣昌卒于军，命","议罪。","123543","10"
"卷二百五十一","拟旨","德璟","：「向来聚敛小人倡为练饷，致民穷","123602","1"
"卷二百五十二","机务","六月，改礼部尚书兼东阁大学士，入参","，仍掌兵部事。","123797","9"
"卷二百五十三","机务","尚书兼东阁大学士，与何吾驺并入参","。","124113","24"
"卷二百五十三","拟旨","未上，俟恢复报同奏之，遂","令抚按戴罪。","124124","18"
"卷二百五十三","中书","狱具，家人戍边，","贬二秩。","124140","5"
"卷二百五十三","中书","内阁","黄应恩悍戾，体仁、至发辈倚任之","124224","1"
"卷二百五十三","拟旨","国观方冀为首辅，与嗣昌谋倾宇亮，遽","军前斩光祚。","124309","8"
"卷二百五十三","九卿","国观乃拟严旨，责以前后矛盾，下","科道议。","124311","8"
"卷二百五十三","机务","明年八月，拜礼部左侍郎兼东阁大学士，入参","。","124345","10"
"卷二百五十三","拟旨","帝令拟谕，国观乃","以进。","124396","5"
"卷二百五十三","九卿","帝遂发怒，下五府","科道议奏。","124397","4"
"卷二百五十三","机务","年、蔡国用、范复粹俱兼东阁大学士，入参","。","124454","21"
"卷二百五十三","中书","由","舍人擢御史。","124465","1"
"卷二百五十三","六部","盖帝欲阁臣通知","事，故每部简一人：首辅刘宇亮由吏部","124494","5"
"卷二百五十三","六部","内阁五府","都察院掌印官及京营文武大臣侍立，鸿胪","124638","2"
"卷二百五十四","中书","","沈自植乘间摭劾允升他罪，章并","124697","0"
"卷二百五十四","中书","吏部侍郎方从哲由中旨起官，","张光房等五人以持议不合时贵，摈不与","124790","7"
"卷二百五十五","拟旨","周称疾，指为偃蹇，激帝怒，","诘之。","125186","15"
"卷二百五十五","九卿","时姜采、熊开元以言事下诏狱，宗周约","共救。","125301","10"
"卷二百五十五","拟旨","而大学士魏照乘恶道周甚，则","责学龙滥荐。","125690","9"
"卷二百五十五","中书","黄文焕、吏部主事陈天定、工部司务董养河、","舍人文震亨，并系狱。","125692","12"
"卷二百五十六","机务","四十年，诏以故官参赞南京","，为御史李若星、魏云中所劾，还家","125821","6"
"卷二百五十七","六部","』上委之圣裁，下委之","，持片语，丛百欺。","126616","4"
"卷二百五十八","九卿","明年，疏劾陈启新：「宜召","科道，觌面敷陈，罄其底蕴。","127360","8"
"卷二百五十九","拟旨","御史汪先岸尝劾其他罪，阁臣庇之，","褒美，旨久不下。","127631","10"
"卷二百六十三","九卿","副将宁龙及系狱总兵官董用文、副将刘","及里居知县申以孝，其他妇女死义者又","130331","21"
"卷二百六十四","机务","六年，拜南京兵部尚书，参赞","。","130575","8"
"卷二百六十四","中书","未几，有持金嘱","舍人某贿大学士，求为副都御史者。","130688","4"
"卷二百六十五","机务","未几，就拜兵部尚书，参赞","。","130851","8"
"卷二百六十五","机务","十七年二月，命以本官兼东阁大学士，入参","。","130862","9"
"卷二百六十五","学士","五月，超拜户部尚书兼翰林院","，仍充日讲官。","130987","7"
"卷二百六十六","中书","由国子生官内阁","舍人。","131849","4"
"卷二百六十七","中书","显际，真定人，士骥官","舍人，并起家进士。","131952","6"
"卷二百七十四","机务","拜南京兵部尚书，参赞","。","135068","6"
"卷二百七十五","中书","知县黄国琦、施凤仪，兵部郎中张正声，内阁","舍人顾大成及姜荃林等十人也。","135710","32"
"卷二百七十五","中书","为","舍人。","135781","1"
"卷二百七十六","中书","仕福王为","舍人。","136078","3"
"卷二百七十六","中书","、临山卫李开国，工部主事长洲顾中尧，","舍人苏州苏兆人，工部所正鄞县戴仲明，定西","136210","51"
"卷二百七十六","拟旨","瞿式耜为奸民张汉儒所讦，体仁坐振飞失纠，","令陈状。","136419","14"
"卷二百七十七","中书","崇祯中，由国子生为内阁","舍人。","137203","7"
"卷二百七十八","中书","、黎遂球、柳昂霄、鲁嗣宗、钱谦亨，","舍人袁从鹗、刘孟鍧、刘应试，","137366","33"
"卷二百七十八","中书","而","舍人来从谔募砂兵三千，吏部主事龚","137470","1"
"卷二百七十八","学士","拥立王，擢为翰林学士，旋进礼部右侍郎兼","。","137891","15"
"卷二百七十八","机务","，恩眷出廷臣右，乃超拜东阁大学士，参","。","137894","12"
"卷二百七十九","六部","先是，可望欲设","、翰林等官，虑人议其僭，","138042","4"
"卷二百七十九","六部","王久驻安龙，可望遂自设内阁","等官，以安之为东阁大学士。","138045","8"
"卷二百七十九","拟旨","建文华殿于正殿旁，令阁臣侍坐","以避之。","138353","13"
"卷二百七十九","九卿","前御史任僎、中书方于宣劝可望设内阁","科道官，改印交为八叠，尽易其旧，立","138501","10"
"卷二百七十九","拟旨","」于是御曦执笔，佐辰","，以镌、福禄、为国为首罪，","138545","6"
"卷二百八十二","学士","四方","，执经门下者甚众。","139952","1"
"卷二百八十二","学士","","宋濂、待制王祎请留为国学师，谟","140005","0"
"卷二百八十二","学士","寻出督贵州军饷，事竣，即乞休，","江渊奏留之。","140047","9"
"卷二百八十二","学士","英宗复辟，拜礼部右侍郎兼翰林院","，入阁预机务。","140056","8"
"卷二百八十二","机务","，拜礼部右侍郎兼翰林院学士，入阁预","。","140056","12"
"卷二百八十二","学士","」","丰熙戍镇海，见烈，叹曰：「","140248","1"
"卷二百八十三","学士","十八年会试，","张元祯、杨廷和为考官，抚其卷曰：「","140965","3"
"卷二百八十三","学士","山东试，堂邑穆孔晖第一，后官侍讲","，卒，赠礼部右侍郎，谥文简。","141067","14"
"卷二百八十三","学士","累迁吏部左侍郎兼","，掌詹事府。","141266","4"
"卷二百八十四","学士","二十二年，克坚谢病还阙里，后起集贤","、山东廉访使，皆不赴。","141676","10"
"卷二百八十四","学士","嘉靖十二年，以","顾鼎臣言，诏求嫡嗣。","141841","4"
"卷二百八十五","学士","洪武十年，","宋濂致仕，太祖问谁可代者，濂对","142013","3"
"卷二百八十五","学士","洪武二年授翰林侍讲","，数访以元兴亡之故，且诏撰《","142103","5"
"卷二百八十五","学士","居一歳，复故官，兼弘文馆","，赐小库，免朝谒。","142105","8"
"卷二百八十五","学士","尝偕诸","赐宴，屡遣内官劝之酒，御制诗","142106","3"
"卷二百八十五","学士","，博学强记，擅名于时，人呼小张","。","142120","31"
"卷二百八十五","学士","皆赴京，奏对称旨，复授侍讲","，特被宠遇。","142121","17"
"卷二百八十五","学士","洪武七年，帝御武楼，赐","宋濂坐，谓曰：「天下既定，","142542","7"
"卷二百八十六","学士","翰林典籍擢检讨，历修撰，迁侍讲","。","142643","12"
"卷二百八十六","中书","粲自翰林待诏迁","舍人，擢侍读，进阶大理少卿。","142644","6"
"卷二百八十六","中书","孟晹，与其弟昶以善书画闻，同官","舍人，时号大小中书，而度、粲号","142647","14"
"卷二百八十六","中书","以善书画闻，同官中书舍人，时号大小","，而度、粲号大小学士。","142647","19"
"卷二百八十六","学士","，时号大小中书，而度、粲号大小","。","142647","26"
"卷二百八十六","中书","翰林，仍给县丞禄，历十年始授","舍人。","142663","11"
"卷二百八十六","中书","父同文，洪武中，官翰林侍书、","舍人。","142668","8"
"卷二百八十六","学士","","李贤、彭时咸爱重之，贤以女妻焉。","142737","0"
"卷二百八十六","学士","嗣位，以宫僚恩擢少詹事兼侍讲","，直经筵。","142740","11"
"卷二百八十六","中书","前直谏贬谪者，主事张吉、王纯，","舍人丁玑，进士李文祥，吉等皆录用。","142794","14"
"卷二百八十六","学士","十一年乡试第一，座主梁储奇其文，还朝示","程敏政，敏政亦奇之。","142977","12"
"卷二百八十六","学士","","丘浚重其文，属学使者善遇之。","142994","0"
"卷二百八十六","学士","故事，两","为馆师，体严重，廷陈伺其退食","143143","3"
"卷二百八十六","学士","两","无如之何，佯弗闻也。","143144","1"
"卷二百八十七","学士","累官侍讲","，掌南京翰林院。","143350","3"
"卷二百八十七","中书","由","舍人擢兵科给事中。","143614","1"
"卷二百八十八","学士","，将献诸朝，令渭草表，并他客草寄所善","，择其尤上之。","143787","12"
"卷二百八十八","学士","","以渭表进，世宗大悦，益宠异宗宪，宗宪以是益","143788","0"
"卷二百八十八","学士","寻迁礼部右侍郎兼侍讲","，进尚书，加太子太保。","144144","5"
"卷二百九十一","中书","，大清兵临城，与乡官知府傅梅，","舍人孟鲁钵、张凤鸣募兵，悉力拒守，力屈","145834","12"
"卷二百九十二","中书","尚书张鹤鸣、弟副使鹤胜、子大同，","舍人田之颖，知县刘道远，光禄署正李生白","146136","11"
"卷二百九十五","中书","」乃赠","舍人，祀旌忠祠。","147900","2"
"卷二百九十八","学士","外族方氏建义塾，馆四方游","，恒幼往受诸经，辄领其旨要。","149307","7"
"卷二百九十八","学士","宋濂之为","也，拟荐为国子师，闻不受州郡辟命","149315","3"
"卷二百九十九","学士","英宗将北征，仲和时已老，","曹鼐问曰：「驾可止乎？","149828","8"
"卷三百","九卿","九年九月，尚书屠滽偕","上言：宪宗皇帝诏，勋戚之家，","150367","7"
"卷三百〇四","学士","帝益大喜，廷臣表贺，","胡广等咸献《圣孝瑞应歌》诗。","152599","6"
"卷三百〇四","九卿","一时","劾罢者，尚书董方、薛远及侍郎滕昭","152889","1"
"卷三百〇四","九卿","健等方约文及诸","诘朝伏阙面争，而吏部尚书焦芳驰白瑾","153074","4"
"卷三百〇四","学士","尝求","吴俨贿，不得，又听都御史刘宇谗","153109","1"
"卷三百〇四","六部","不下己，调侍讲吴一鹏等十六人南京","。","153146","27"
"卷三百〇五","拟旨","遵、陆树德又特疏论列，拱意疏下即","逐保。","153319","26"
"卷三百〇五","拟旨","内阁张四维度申时行不肯为晟下，","允之，帝即报可。","153363","7"
"卷三百〇五","九卿","已而南京兵部尚书吴文华率南","请罪鲸而宥言者，帝亦不听","153409","8"
"卷三百〇五","中书","安用其客","舍人汪文言言，劝帝行诸善政，发帑金济边，","153641","2"
"卷三百〇五","中书","，给事中傅櫆结忠贤甥傅应星为兄弟，诬奏","汪文言，并及左光斗、魏大中。","153715","11"
"卷三百〇五","中书","","吴怀贤读杨涟疏，击节称叹。","153753","0"
"卷三百〇五","六部","自内阁、","至四方总督、巡抚，遍置死党。","153796","3"
"卷三百〇五","中书","宗室若楚王华煃、","朱慎鉴，勋戚若丰城侯李永祚，廷臣若","153822","6"
"卷三百〇六","学士","满九年考，当迁","。","154031","5"
"卷三百〇六","学士","或语大学士万安：「不学如芳，亦","乎？","154032","9"
"卷三百〇六","学士","我不","，且刺华长安道中。","154034","2"
"卷三百〇六","学士","」华惧，言于安，乃进芳侍讲","。","154035","10"
"卷三百〇六","学士","服阕，授太常少卿兼侍讲","，寻擢礼部右侍郎。","154043","6"
"卷三百〇六","九卿","韩文将率","劾刘瑾，疏当首吏部，以告芳。","154058","2"
"卷三百〇六","机务","秉谦、广微遂与朱国祯、朱延禧俱入参","。","154285","13"
"卷三百〇六","中书","，至是复加少傅、太子太师，荫子","舍人，赐白金百、坐蟒一、","154328","23"
"卷三百〇六","机务","东阁大学士，与丁绍轼、周如磐、冯铨并参","。","154348","22"
"卷三百〇六","机务","、礼部尚书，以本官兼内阁大学士，预","。","154370","17"
"卷三百〇六","中书","由","舍人擢御史，首劾罢户部侍郎孙居相等","154634","1"
"卷三百〇七","学士","引贤，埙即谬曰：「此李","导我也。","155120","16"
"卷三百〇七","学士","，埙曰：「吾小人，何由见李","，此门锦衣教我。","155125","11"
"卷三百〇七","九卿","","大臣、给事御史皆极论传奉官之弊，","155155","0"
"卷三百〇七","学士","间采时望，若","杨守陈、倪岳，少詹事刘健，都御史余子俊","155162","4"
"卷三百〇七","拟旨","一日，御史劾炳诸不法事，言即","逮治。","155433","13"
"卷三百〇七","学士","儆、大任擢侍讲","，秩等赐第京师。","155694","6"
"卷三百〇八","学士","","吴伯宗劾惟庸，几得危祸。","155734","0"
"卷三百〇八","六部","于是惟庸及","堂属咸当坐罪。","155768","2"
"卷三百〇八","中书","有小隶讼其隐过，宁已擢","参议，太祖亲鞫之，宁首服，","155795","6"
"卷三百〇八","中书","","舍人芮善弟夫妇为盗所杀，心疑其所亲","155850","0"
"卷三百〇八","六部","皇太子命","大臣廷鞫之，自辰至午，贞等","155878","2"
"卷三百〇八","中书","龙文官","，交关为奸利，而年最黠恶，","156070","2"
"卷三百〇八","九卿","朝事一委世蕃，","以下浃日不得见，或停至暮","156096","3"
"卷三百〇八","九卿","嵩休沐归，","进谒，嵩犹怒文华，令从吏扶出之。","156135","4"
"卷三百〇八","机务","，特旨拜延儒礼部尚书兼东阁大学士，参","。","156262","15"
"卷三百〇八","中书","论功，加太师，荫子","舍人，赐银币、蟒服。","156357","6"
"卷三百〇八","九卿","」帝再召内阁","质之，体仁与九华、赞化诘辩","156412","4"
"卷三百〇八","拟旨","体仁故仇谦益，","逮二人下诏狱严讯。","156503","3"
"卷三百〇八","机务","、黄得功、刘良佐等结，而公致书于参赞","兵部尚书史可法，言伦序亲贤，无如福王","156575","31"
"卷三百〇九","学士","令弘文馆","李化鳞等草檄驰谕远近，指斥","157114","2"
"卷三百〇九","六部","","曰六政府，司官曰从事，六科曰","157161","0"
"卷三百〇九","六部","设","五军都督府等官，王国麟、江鼎镇、","157401","1"
"卷三百二十","中书","第前后使者皆称嗣王所遣，","宜遣人往问嗣王如何，政令安在。","163121","7"
"卷三百二十一","学士","特起黄绾为礼部尚书，","张治副之，往使其国。","164306","7"
"卷三百二十四","中书","十二年，贡使至都，","不以时奏。","165311","6"
"卷三百二十四","学士","盐下海，飘入其国，仕至坤岳，犹天朝","也。","165686","17"
